Product Name,Grade,Generic Polymer Type,Generic Polymer Symbol,Density,Tensile Strength at Yield,Flexural Modulus,Flexural Strength,Tensile Modulus,Glass Transition Temperature,Melt Mass-Flow Rate (MFR)
Preformance® PET,ES11,Polyethylene Terephthalate,PET,,,,,,,
HiFill®,PET GF/M40 BK,Polyethylene Terephthalate,PET,1.63,,11700.0,200.0,,,
HiFill®,PET GF30,Polyethylene Terephthalate,PET,1.56,,8960.0,234.0,,,
TAROLOX,111 G5 Y0,Polyethylene Terephthalate,PET,1.55,,9400.0,140.0,10200.0,,
TAROLOX,111 G6 Y0,Polyethylene Terephthalate,PET,1.59,,11000.0,150.0,12300.0,,
TAROLOX,111 G7,Polyethylene Terephthalate,PET,1.62,,10500.0,245.0,13000.0,,
TAROLOX,111 G7 DX02,Polyethylene Terephthalate,PET,1.72,,12000.0,190.0,13000.0,,
I. Stern,IS-7985,Polyethylene Terephthalate,PET,,,,,,,
Cazeden,A PET,Polyethylene Terephthalate,PET,1.4,,2400.0,,,74.0,
STAR,PET IV.80,Polyethylene Terephthalate,PET,1.4,,,,,,
Sunny®,PET EN230,Polyethylene Terephthalate,PET,1.65,,5820.0,150.0,,,
Lighter™,C93,Polyethylene Terephthalate,PET,,55.0,2100.0,,2300.0,78.0,
HYPET,PET76CLR,Polyethylene Terephthalate,PET,,,,,,,
HYPET,PET80,Polyethylene Terephthalate,PET,1.38,,,,,,
SureSpec,PET-80,Polyethylene Terephthalate,PET,,,,,,,
SureSpec,PET-84,Polyethylene Terephthalate,PET,,,,,,,
Tecopet®,PT70 GR15 NL100 MB,Polyethylene Terephthalate,PET,1.4,,,,5000.0,,
Tecopet®,PT70 GR30 NL100 MB,Polyethylene Terephthalate,PET,1.5,,,,8000.0,,
Tecopet®,PT70 GR30 NL100 XD70,Polyethylene Terephthalate,PET,1.7,,,,12000.0,,
Tecopet®,PT74 GR45 BK002 PR,Polyethylene Terephthalate,PET,1.69,,,,16000.0,,
TRIPET®,2500G45,Polyethylene Terephthalate,PET,1.7,147.0,9810.0,,,,28.0
TRIPET®,2550GN45,Polyethylene Terephthalate,PET,1.83,147.0,12700.0,,,,50.0
SABIC® PET,BC211,Polyethylene Terephthalate,PET,,,,,,,
SABIC® PET,BC212,Polyethylene Terephthalate,PET,,,,,,,
SABIC® PET,PCG60,Polyethylene Terephthalate,PET,,,,,,,
LNP™ COLORCOMP™ Compound,WQ117945,Polyethylene Terephthalate,PET,1.06,,,,,79.0,
STRAPIO™,ST 800,Polyethylene Terephthalate,PET,,,,,,,
BONDZ™,BU 098,Polyethylene Terephthalate,PET,1.27,,,,,55.0,
Shinite®,T102G30BK TH3013,Polyethylene Terephthalate,PET,1.69,,9900.0,196.0,,,23.0
Skyrol®,SH38,Polyethylene Terephthalate,PET,,,,,,,
Skyrol®,SH52,Polyethylene Terephthalate,PET,1.4,,,,,,
Skyrol®,SH76,Polyethylene Terephthalate,PET,1.4,,,,,,
Skyrol®,SH94,Polyethylene Terephthalate,PET,1.4,,,,,,
Skyrol®,SL10S,Polyethylene Terephthalate,PET,1.4,,,,,,
Skyrol®,SL30U,Polyethylene Terephthalate,PET,,,,,,,
Skyrol®,SM30,Polyethylene Terephthalate,PET,1.4,,,,,,
Skyrol®,SP29H,Polyethylene Terephthalate,PET,1.32,,,,,,
Skyrol®,SP91,Polyethylene Terephthalate,PET,1.4,,,,,,
PRIMALENE,WPP02PET,Polyethylene Terephthalate,PET,,,,,,,
RENATUS®,C3030FA,Polyethylene Terephthalate,PET,1.6,,10400.0,241.0,,,
SLOVASTER®,E GF 30,Polyethylene Terephthalate,PET,1.58,170.0,11000.0,270.0,11000.0,,10.0
PEXTIN™,PET545-BK,Polyethylene Terephthalate,PET,1.7,,14500.0,276.0,,,
Polygrade®,B3 G45 NTLA010 PG306,Polyethylene Terephthalate,PET,1.69,,9000.0,210.0,4200.0,,
neopet,82,Polyethylene Terephthalate,PET,,,,,,,
NEXT REGRIND,PET 545-300RG,Polyethylene Terephthalate,PET,1.7,,13800.0,,,,
NOVAPET SPRIT,H11,Polyethylene Terephthalate,PET,1.39,60.0,2510.0,,2600.0,,36.0
PoliPIR™,PETGF-3300,Polyethylene Terephthalate,PET,1.55,,6210.0,193.0,7590.0,,
OCTAL PET,GP 02,Polyethylene Terephthalate,PET,,,,,,,
OCTAL PET,WG 02,Polyethylene Terephthalate,PET,,,,,,,
CERTENE™,PET 8080HC,Polyethylene Terephthalate,PET,,,,,,,
Nan Ya PET,4410G6,Polyethylene Terephthalate,PET,1.58,137.0,9410.0,216.0,,,15.0
Nan Ya PET,4410G9,Polyethylene Terephthalate,PET,1.85,127.0,10300.0,157.0,,,8.0
Polyclear®,Preserve PET 2201,Polyethylene Terephthalate,PET,1.39,,,,,,
PRECITE®,E GF 20 black (7360),Polyethylene Terephthalate,PET,1.47,,7700.0,210.0,7800.0,,
PRECITE®,E GF 45 ECO black (8284),Polyethylene Terephthalate,PET,1.72,,,,16100.0,,
InElec®,PCT7011AS10,Polyethylene Terephthalate,PET,1.15,,1240.0,,1380.0,,30.0
Preformance® PET,1708HS(A),Polyethylene Terephthalate,PET,,,,,,,
Adell PET,WR-37,Polyethylene Terephthalate,PET,1.58,,9170.0,240.0,,,
AuroraGuard™,245GF,Polyethylene Terephthalate,PET,1.7,175.0,14000.0,,15500.0,,
AuroraGuard™,F0PET30GF,Polyethylene Terephthalate,PET,1.68,128.0,10300.0,197.0,6.2,,
DSR,TL-103,Polyethylene Terephthalate,PET,,,,,,,
DSR,TLE-102,Polyethylene Terephthalate,PET,,,,,,,
Laser+®,(B90A),Polyethylene Terephthalate,PET,,,,,,,
Laser+®,(B90B),Polyethylene Terephthalate,PET,,,,,,,
Laser+®,C (C60A),Polyethylene Terephthalate,PET,,,,,,,
Laser+®,C (C61A),Polyethylene Terephthalate,PET,,,,,,,
Laser+®,C 4800 (B66A),Polyethylene Terephthalate,PET,,,,,,,
Laser+®,C 61803 (E67A),Polyethylene Terephthalate,PET,,,,,,,
Laser+®,HP806 (B93A),Polyethylene Terephthalate,PET,,,,,,,
Laser+®,HS Ti818 (G51A),Polyethylene Terephthalate,PET,,,,,,,
Laser+®,W (P45A),Polyethylene Terephthalate,PET,,,,,,,
LONGLITE® PET,9030-104,Polyethylene Terephthalate,PET,1.54,,8000.0,190.0,10000.0,,28.0
LONGLITE® PET,9035-104,Polyethylene Terephthalate,PET,1.58,,10500.0,210.0,10000.0,,18.0
Rynite®,408 NC010,Polyethylene Terephthalate,PET,1.49,,8300.0,,9300.0,60.0,
Rynite®,830ER BK503,Polyethylene Terephthalate,PET,1.59,,,,11000.0,,
Rynite®,935 NC010,Polyethylene Terephthalate,PET,1.58,,9100.0,,10000.0,,
Rynite®,940E BK505,Polyethylene Terephthalate,PET,1.64,,13000.0,,12000.0,,
Rynite®,FR515 BK507,Polyethylene Terephthalate,PET,1.55,,6000.0,160.0,6100.0,90.0,
Rynite®,FR533NH NC010,Polyethylene Terephthalate,PET,1.61,,13000.0,140.0,13000.0,90.0,
Rynite®,FR543 BK507,Polyethylene Terephthalate,PET,1.79,,16000.0,280.0,16000.0,90.0,
Rynite®,GW520CS1 NC010,Polyethylene Terephthalate,PET,1.61,,,,9000.0,,
Rynite®,RE5231 BK533,Polyethylene Terephthalate,PET,1.6,,8800.0,140.0,10000.0,,
Impet®,2700 GV1/30,Polyethylene Terephthalate,PET,1.6,,11100.0,225.0,11500.0,80.0,
Impet®,340R,Polyethylene Terephthalate,PET,1.73,,15400.0,255.0,16800.0,73.0,4.0
Impet®,HD250,Polyethylene Terephthalate,PET,2.5,,7750.0,72.5,,,
Petra®,140,Polyethylene Terephthalate,PET,1.7,,13100.0,255.0,16200.0,,
Petra®,330 FR BK112,Polyethylene Terephthalate,PET,1.67,,9930.0,215.0,9768.888889,,
Bapolene®,83,Polyethylene Terephthalate,PET,1.39,,,,,,
MARPOL®,PET IV 84 CB,Polyethylene Terephthalate,PET,,,,,,,
Ertalyte®,Sterra™ PET,Polyethylene Terephthalate,PET,1.41,,3380.0,135.0,3500.0,,
Ertalyte®,TX Food Grade PET-P,Polyethylene Terephthalate,PET,1.44,,2480.0,122.0,3300.0,,
SCHULADUR®,E GF 50,Polyethylene Terephthalate,PET,1.79,,17000.0,290.0,20000.0,,
Matrixx,80S7451,Polyethylene Terephthalate,PET,1.7,172.0,13800.0,,,,
Matrixx,81N7004,Polyethylene Terephthalate,PET,1.22,51.7,2070.0,,,,
Matrixx,85S7451,Polyethylene Terephthalate,PET,1.8,152.0,12400.0,,,,
ICORENE®,N9201,Polyethylene Terephthalate,PET,1.27,50.0,2100.0,,,80.0,
ICORENE®,N9204,Polyethylene Terephthalate,PET,1.4,,2300.0,,,,
ICORENE®,N9206,Polyethylene Terephthalate,PET,1.4,,,,,,
TEREZ PET,3100,Polyethylene Terephthalate,PET,1.32,57.0,,,2400.0,,
VYLOPET™,EMC-330K,Polyethylene Terephthalate,PET,1.6,,10300.0,217.0,,,
Wankai,WK821,Polyethylene Terephthalate,PET,,,,,,,
Wankai,WK851,Polyethylene Terephthalate,PET,,,,,,,
Yuyao PET,PET126,Polyethylene Terephthalate,PET,1.15,,8850.0,130.0,,,
Yuyao PET,PET518,Polyethylene Terephthalate,PET,1.3,,8510.0,132.0,,,
Tunhe PET,TH101,Polyethylene Terephthalate,PET,1.39,,,,,,
VYPET,VNT 325,Polyethylene Terephthalate,PET,1.47,,6600.0,150.0,,,
VYPET,VNT 615 FR,Polyethylene Terephthalate,PET,1.55,,5900.0,150.0,,,
VYPET,VNT 630,Polyethylene Terephthalate,PET,1.55,140.0,10500.0,218.0,,,
VYPET,VNT 635A,Polyethylene Terephthalate,PET,1.56,,10000.0,210.0,,,
RAMAPET®,R180,Polyethylene Terephthalate,PET,1.39,,,,,76.0,
RAMAPET®,S3,Polyethylene Terephthalate,PET,,,,,,,
Polyclear®,PET T-94 G,Polyethylene Terephthalate,PET,1.4,,,,,,
Kingfa,PET-RG30,Polyethylene Terephthalate,PET,1.65,,9000.0,195.0,,,
RJM,SI301G30,Polyethylene Terephthalate,PET,1.55,,9410.0,196.0,,,
RJM,SI302G30,Polyethylene Terephthalate,PET,1.68,,9810.0,186.0,,,
RTP,1104 M 15 BLK,Polyethylene Terephthalate,PET,1.64,,11700.0,200.0,13800.0,,
RTP,1105 TFE 15,Polyethylene Terephthalate,PET,1.68,,9310.0,193.0,9650.0,,
Relpet®,H7761,Polyethylene Terephthalate,PET,,,,,,,
DuraPET,0624 FR,Polyethylene Terephthalate,PET,1.27,,2470.0,,2170.0,,9.3
PQS,HF,Polyethylene Terephthalate,PET,,,,,,,
Pontex,TFB5020G-GY1D,Polyethylene Terephthalate,PET,1.54,,6670.0,132.0,,,50.0
OCEANWORKS®,OR.201611,Polyethylene Terephthalate,PET,1.36,,,,,,
SUSTADUR®,PET black extruded,Polyethylene Terephthalate,PET,1.38,85.0,,,3000.0,,
SUSTADUR®,PET FG black,Polyethylene Terephthalate,PET,1.39,85.0,,,3200.0,,
SUSTADUR®,PET natural calendered,Polyethylene Terephthalate,PET,1.38,85.0,,,3000.0,,
SUSTADUR®,PET natural extruded,Polyethylene Terephthalate,PET,1.38,85.0,,,3000.0,,
Meras®,HRX 2500 SG15,Polyethylene Terephthalate,PET,1.45,,,,7000.0,,
VERDANT™,PCRPT076E,Polyethylene Terephthalate,PET,,,,,,,
VERDANT™,PCRPT080NN,Polyethylene Terephthalate,PET,,,,,,,
VERDANT™,PCRPTF075 Series,Polyethylene Terephthalate,PET,0.25,,,,,,30.0
VINPOL™,PT092,Polyethylene Terephthalate,PET,,,,,,,
TechnoPet,GF 45 2 0 schwarz (32923),Polyethylene Terephthalate,PET,1.71,145.0,17300.0,225.0,17000.0,,
HiFill®,PET GF/M35,Polyethylene Terephthalate,PET,1.59,,9650.0,170.0,,,
HiFill®,PET GF30 2000,Polyethylene Terephthalate,PET,1.56,,8960.0,248.0,,,
HiFill®,PET GF30 FR 2000 NAT,Polyethylene Terephthalate,PET,1.67,,9650.0,207.0,,,
HiFill®,PET GF45 NAT,Polyethylene Terephthalate,PET,1.69,,13800.0,283.0,,,
TAROLOX,111 G3 DX0,Polyethylene Terephthalate,PET,1.52,,9000.0,140.0,10500.0,,
TAROLOX,111 G4,Polyethylene Terephthalate,PET,1.48,,7800.0,170.0,8200.0,,
TAROLOX,111 G4 DX0,Polyethylene Terephthalate,PET,1.58,,8000.0,190.0,8800.0,,
TAROLOX,111 G4 DX02,Polyethylene Terephthalate,PET,1.63,,8200.0,180.0,9000.0,,
TAROLOX,111 G5,Polyethylene Terephthalate,PET,1.51,,7800.0,185.0,8500.0,,
Sunny®,PET EN220,Polyethylene Terephthalate,PET,1.6,,6300.0,170.0,,,
Lighter™,S93,Polyethylene Terephthalate,PET,,55.0,2100.0,,2300.0,78.0,
TECAPET,white,Polyethylene Terephthalate,PET,1.38,68.9,3240.0,107.0,3240.0,,
EPIMIX,PET GFR 30 NC Q1D001,Polyethylene Terephthalate,PET,1.56,,9500.0,240.0,10500.0,,27.0
EPIMIX,PET GFR 35 NC Q1D501,Polyethylene Terephthalate,PET,1.6,,9500.0,245.0,11000.0,,25.0
EPIMIX,PET GV0 30 NC Q1D0B301,Polyethylene Terephthalate,PET,1.71,,10000.0,225.0,11500.0,,
SureSpec,PET-80HF,Polyethylene Terephthalate,PET,,,,,,,
SureSpec,PET-80S,Polyethylene Terephthalate,PET,,,,,,,
Tecopet®,PT70 GR15 NL100 PS20,Polyethylene Terephthalate,PET,1.54,,,,7000.0,,
Tecopet®,PT74 GR20 BK002 DA,Polyethylene Terephthalate,PET,1.48,,,,8000.0,,
Tecopet®,PT74 GR30 BK002 XA20,Polyethylene Terephthalate,PET,1.69,,,,10500.0,,
ASPIRE®,84 J,Polyethylene Terephthalate,PET,,,,,,,
TRIPET®,2500G20,Polyethylene Terephthalate,PET,1.47,118.0,7350.0,,,,50.0
TRIPET®,2500G30,Polyethylene Terephthalate,PET,1.56,127.0,8830.0,,,,40.0
TRIPET®,2500G36,Polyethylene Terephthalate,PET,1.16,157.0,10800.0,,,,38.0
TRIPET®,LV2550GN30,Polyethylene Terephthalate,PET,1.61,137.0,8830.0,,,,60.0
TRIPET®,NP2559GN30,Polyethylene Terephthalate,PET,1.58,127.0,981.0,,,,60.0
SAXAPLAST™,PET-01 BTI K-N001,Polyethylene Terephthalate,PET,1.37,,,,2400.0,,
KumhoSunny PET,HEG3615,Polyethylene Terephthalate,PET,1.55,,9500.0,185.0,,,40.0
KumhoSunny PET,HEG3620NH,Polyethylene Terephthalate,PET,1.6,,6500.0,180.0,,,
KumhoSunny PET,HEG3645,Polyethylene Terephthalate,PET,1.71,,16000.0,220.0,,,25.0
Shinite®,T102G30NA TH8001,Polyethylene Terephthalate,PET,1.66,,9200.0,181.0,,,
Skyrol®,SH37,Polyethylene Terephthalate,PET,,,,,,,
Skyrol®,SH62,Polyethylene Terephthalate,PET,1.4,,,,,,
Skyrol®,SL10,Polyethylene Terephthalate,PET,1.4,,,,,,
Skyrol®,SM40,Polyethylene Terephthalate,PET,1.4,,,,,,
Skyrol®,SP19N,Polyethylene Terephthalate,PET,1.32,,,,,,
Skyrol®,SR50,Polyethylene Terephthalate,PET,1.4,,,,,,
PRIMALENE,WPP04PET,Polyethylene Terephthalate,PET,,,,,,,
RENATUS®,B3045FA,Polyethylene Terephthalate,PET,1.7,,15500.0,265.0,,,
RENATUS®,BN9030,Polyethylene Terephthalate,PET,1.66,139.0,10100.0,214.0,,,
RENATUS®,C3015FA,Polyethylene Terephthalate,PET,1.47,,6300.0,168.0,,,
RENATUS®,RH030,Polyethylene Terephthalate,PET,1.61,,10300.0,230.0,,,
RENATUS®,RH045,Polyethylene Terephthalate,PET,1.75,,16600.0,273.0,,,
Beetle,PET CLEAR 100,Polyethylene Terephthalate,PET,1.36,,,,,,
Nemcon™ E,PET 30131,Polyethylene Terephthalate,PET,1.41,52.0,3090.0,,2550.0,,
neopet,78,Polyethylene Terephthalate,PET,,,,,,,
neopet,AMO,Polyethylene Terephthalate,PET,,,,,,,
neopet,Ultra,Polyethylene Terephthalate,PET,,,,,,,
UNIPET®,PET,Polyethylene Terephthalate,PET,1.34,84.1,3380.0,121.0,3240.0,,
OCTAL PET,HF 01,Polyethylene Terephthalate,PET,,,,,,,
OCTAL PET,HF R1,Polyethylene Terephthalate,PET,,,,,,,
OCTAL PET,SG 02,Polyethylene Terephthalate,PET,,,,,,,
Nan Ya PET,4410G3,Polyethylene Terephthalate,PET,1.53,108.0,5590.0,157.0,,,32.0
Nan Ya PET,4410G5,Polyethylene Terephthalate,PET,1.57,127.0,7850.0,216.0,,,23.0
Edgetek™,ET3400-8002 NHFR RS BK001,Polyethylene Terephthalate,PET,1.57,,11000.0,150.0,,,
PRECITE®,E GF 30 3 natural (8288),Polyethylene Terephthalate,PET,1.55,,11800.0,270.0,10800.0,,
PRECITE®,E GF 30 black (7814),Polyethylene Terephthalate,PET,1.55,,,,11000.0,,
PRIMATOP®,PET GP80,Polyethylene Terephthalate,PET,,,,,,,
Adell PET,WL-37,Polyethylene Terephthalate,PET,1.62,,10300.0,169.0,,,
Adell PET,WR-36,Polyethylene Terephthalate,PET,1.55,,8960.0,231.0,,,
Arnite®,A02 307,Polyethylene Terephthalate,PET,1.16,58.0,,,2500.0,,
Arnite®,A06 700,Polyethylene Terephthalate,PET,1.4,50.0,,,2250.0,,
Arnite®,AV2 365 SN,Polyethylene Terephthalate,PET,1.75,,,,13500.0,,
Arnite®,AV2 370 XL,Polyethylene Terephthalate,PET,1.66,,,,13000.0,,
Arnite®,AV2 390,Polyethylene Terephthalate,PET,1.78,,17500.0,330.0,19000.0,,
Arnite®,AV2 390 XT,Polyethylene Terephthalate,PET,1.81,,,,18500.0,,
Eastar™,EN058 Natural,Polyethylene Terephthalate,PET,1.33,58.0,2400.0,,,,
DSR,TL-104,Polyethylene Terephthalate,PET,,,,,,,
DSR,TL-2060,Polyethylene Terephthalate,PET,,,,,,,
DSR,TLE-101,Polyethylene Terephthalate,PET,,,,,,,
Delta,PETR-1G60,Polyethylene Terephthalate,PET,1.56,145.0,9650.0,,,,
Laser+®,C (E61A),Polyethylene Terephthalate,PET,,,,,,,
Laser+®,GP 2400 (B12A),Polyethylene Terephthalate,PET,,,,,,,
Array™,9921M,Polyethylene Terephthalate,PET,,,,,,,
LONGLITE® PET,9130-104,Polyethylene Terephthalate,PET,1.7,,10000.0,195.0,11500.0,,25.0
Rynite®,408 BK515,Polyethylene Terephthalate,PET,1.49,,8000.0,,9300.0,60.0,
Rynite®,550HTE BK503,Polyethylene Terephthalate,PET,1.75,,16000.0,280.0,18000.0,95.0,
Rynite®,935 BK505,Polyethylene Terephthalate,PET,1.58,,9300.0,130.0,10000.0,,
Rynite®,FG530 NC011,Polyethylene Terephthalate,PET,1.57,,,,10000.0,90.0,
Rynite®,FR515 NC010,Polyethylene Terephthalate,PET,1.53,,5900.0,170.0,6800.0,90.0,
Rynite®,RE5264 NC010,Polyethylene Terephthalate,PET,1.66,,12000.0,280.0,14000.0,,9.0
Celstran®,CFR-TP PET GF60-10,Polyethylene Terephthalate,PET,1.84,,35000.0,770.0,32800.0,,
Ultrafuse,PET,Polyethylene Terephthalate,PET,1.33,,2060.0,66.7,1930.0,71.0,
Ultrafuse,PET CF15,Polyethylene Terephthalate,PET,1.37,,5450.0,108.0,6180.0,79.0,
Petra®,130,Polyethylene Terephthalate,PET,1.55,,8970.0,240.0,10200.0,,
Petra®,130 BK112,Polyethylene Terephthalate,PET,1.55,,8760.0,230.0,10200.0,,
Petra®,230 BK112,Polyethylene Terephthalate,PET,1.61,,9050.0,180.0,11700.0,,
Petra®,7010 BK5830,Polyethylene Terephthalate,PET,1.44,,6300.0,,,,
Bangkok PET,V080P,Polyethylene Terephthalate,PET,,,,,,,
4PET®,9L32320 HL,Polyethylene Terephthalate,PET,1.48,,,,6500.0,,
Mfinity™,S8300-PETX-TR,Polyethylene Terephthalate,PET,,,,,,,
TEKASTER™,F615G55,Polyethylene Terephthalate,PET,1.77,,17900.0,289.0,,,
Matrixx,80S7301,Polyethylene Terephthalate,PET,1.56,145.0,8620.0,,,,
BESTDUR,PXG6/01,Polyethylene Terephthalate,PET,1.7,,,,9500.0,,
Wankai,WK881,Polyethylene Terephthalate,PET,,,,,,,
Yuyao PET,PETG20,Polyethylene Terephthalate,PET,1.35,,6200.0,155.0,,,
Yuyao PET,PETG30,Polyethylene Terephthalate,PET,1.45,,7500.0,180.0,,,
Tunhe PET,TH102C,Polyethylene Terephthalate,PET,1.39,,,,,,
Tunhe PET,TH104,Polyethylene Terephthalate,PET,1.39,,,,,,
Tunhe PET,TH105,Polyethylene Terephthalate,PET,1.39,,,,,,
Kangxi®,PET-30GF,Polyethylene Terephthalate,PET,1.54,,7500.0,180.0,,,
VINPOL™,GP084,Polyethylene Terephthalate,PET,,,,,,,
TYNEP®,E4450,Polyethylene Terephthalate,PET,1.25,,11700.0,248.0,,,
TYNEP®,E7350,Polyethylene Terephthalate,PET,1.38,,7580.0,152.0,,,
RAMAPET®,A1,Polyethylene Terephthalate,PET,,,,,,,
RAMAPET®,P184,Polyethylene Terephthalate,PET,1.39,,,,,75.0,
RAMAPET®,S1,Polyethylene Terephthalate,PET,,,,,,,
Polyclear®,PET T-94,Polyethylene Terephthalate,PET,1.4,,,,,,
RTP,1103 M 15 BLK,Polyethylene Terephthalate,PET,1.6,,11000.0,200.0,12400.0,,
RTP,1108,Polyethylene Terephthalate,PET,1.68,,13800.0,265.0,16500.0,,
RTP,1199 X 117594 C,Polyethylene Terephthalate,PET,1.57,,11900.0,123.0,13300.0,,
Relpet®,G5801,Polyethylene Terephthalate,PET,,,,,,,
PQS,MW,Polyethylene Terephthalate,PET,,,,,,,
Prime PETG,14471,Polyethylene Terephthalate,PET,1.27,53.1,2140.0,,,,
PoliXL™,PETGF30N,Polyethylene Terephthalate,PET,1.55,,8620.0,231.0,10000.0,,
SUSTADUR®,PET FG blue,Polyethylene Terephthalate,PET,1.39,85.0,,,3000.0,,
VERDANT™,PCRPT076,Polyethylene Terephthalate,PET,,,,,,,
VERDANT™,PCRPT080 Series,Polyethylene Terephthalate,PET,,,,,,,
VERDANT™,PCRPT082,Polyethylene Terephthalate,PET,,,,,,,
VINPOL™,PT101,Polyethylene Terephthalate,PET,1.39,,,,,,
HiFill®,PET GF15 X BK,Polyethylene Terephthalate,PET,1.43,,5340.0,96.5,,,
HiFill®,PET GF55 2000,Polyethylene Terephthalate,PET,1.8,,17200.0,303.0,,,
TAROLOX,111 G4 DX03,Polyethylene Terephthalate,PET,1.58,,7000.0,190.0,7500.0,,
TAROLOX,111 G6,Polyethylene Terephthalate,PET,1.55,,9000.0,220.0,10000.0,,
TAROLOX,111 G6 DX03,Polyethylene Terephthalate,PET,1.64,,9800.0,210.0,10800.0,,
TAROLOX,111 G8,Polyethylene Terephthalate,PET,1.64,,12500.0,265.0,14500.0,,
Sunny®,PET EN130,Polyethylene Terephthalate,PET,1.54,,9500.0,210.0,,,
Lighter™,C98,Polyethylene Terephthalate,PET,,55.0,2100.0,,2300.0,78.0,
EPIMIX,PET GFR 50 BK Q1F001,Polyethylene Terephthalate,PET,1.75,,14800.0,280.0,16500.0,,22.0
EPIMIX,PET GV0 30 NC Q1D0B501,Polyethylene Terephthalate,PET,1.75,,10000.0,200.0,11500.0,,
Tecopet®,PT70 GR20 NL100 PR,Polyethylene Terephthalate,PET,1.48,,,,8500.0,,
Tecopet®,PT70 GR30 NL100 HT,Polyethylene Terephthalate,PET,1.59,,,,11000.0,,
Tecopet®,PT70 GR30 NL100 PR,Polyethylene Terephthalate,PET,1.58,,,,10500.0,,
Tecopet®,PT70 GR30 NL100 XA20,Polyethylene Terephthalate,PET,1.71,,,,13000.0,,
Tecopet®,PT74 CR20 BK111 PR,Polyethylene Terephthalate,PET,1.41,,,,15000.0,,
Tecopet®,PT74 GR20 BK002 XA20,Polyethylene Terephthalate,PET,1.63,,,,8500.0,,
Tecopet®,PT74 GR30 BK002 DA,Polyethylene Terephthalate,PET,1.57,,,,11000.0,,
TRIPET®,2550GN40,Polyethylene Terephthalate,PET,1.72,142.0,9810.0,,,,70.0
Shinite®,T102G15BK TH6035,Polyethylene Terephthalate,PET,1.56,,6280.0,137.0,,,25.0
Shinite®,T102G15NA TH3015,Polyethylene Terephthalate,PET,1.69,,6570.0,162.0,,,33.0
Skyrol®,SH82,Polyethylene Terephthalate,PET,1.4,,,,,,
Skyrol®,SH82L,Polyethylene Terephthalate,PET,,,,,,,
Skyrol®,SP65,Polyethylene Terephthalate,PET,1.4,,,,,,
Skyrol®,SP82,Polyethylene Terephthalate,PET,1.4,,,,,,
PRIMALENE,WPP03PET,Polyethylene Terephthalate,PET,,,,,,,
RENATUS®,BN3030SD,Polyethylene Terephthalate,PET,1.65,,9200.0,215.0,,,
RENATUS®,CN9030,Polyethylene Terephthalate,PET,1.66,130.0,10100.0,210.0,,,
PEXTIN™,RCPETMIG40L-BK09,Polyethylene Terephthalate,PET,1.64,,9660.0,166.0,,,
Polygrade®,A1 CNZA010 PG309,Polyethylene Terephthalate,PET,1.32,,2010.0,75.0,,,
neopet,84,Polyethylene Terephthalate,PET,,,,,,,
NEXT REGRIND,PET 530-300RG,Polyethylene Terephthalate,PET,1.55,,7580.0,,,,
UNITREX®,HiTemp,Polyethylene Terephthalate,PET,1.31,110.0,4550.0,193.0,,160.0,
OCTAL PET,SG 04,Polyethylene Terephthalate,PET,,,,,,,
NYLOY®,TG-0035B-1,Polyethylene Terephthalate,PET,1.45,,14100.0,167.0,,,
CERTENE™,PET 8080HF,Polyethylene Terephthalate,PET,,,,,,,
CERTENE™,PET 8470,Polyethylene Terephthalate,PET,,,,,,,
Nan Ya PET,4210G3,Polyethylene Terephthalate,PET,1.43,108.0,5590.0,157.0,,,35.0
Nan Ya PET,4410G4,Polyethylene Terephthalate,PET,1.56,113.0,5880.0,167.0,,,27.0
PRECITE®,E GF 40 natural (7304),Polyethylene Terephthalate,PET,1.65,,15500.0,300.0,15000.0,,
PRECITE®,E GF 50 black (7395),Polyethylene Terephthalate,PET,1.75,,,,18000.0,,
PRECITE®,E ICF 30 ECO black (8277),Polyethylene Terephthalate,PET,1.45,,,,23700.0,,
Preformance® PET,1708CC(A),Polyethylene Terephthalate,PET,,,,,,,
Preformance® PET,ES11(A),Polyethylene Terephthalate,PET,,,,,,,
Adell PET,WL-38,Polyethylene Terephthalate,PET,1.6,,8340.0,175.0,,,
AuroraGuard™,012,Polyethylene Terephthalate,PET,1.17,53.0,1590.0,66.0,1590.0,,
AuroraGuard™,230GF,Polyethylene Terephthalate,PET,1.56,150.0,8960.0,210.0,10200.0,,
AuroraGuard™,235GF,Polyethylene Terephthalate,PET,1.58,172.0,8520.0,114.0,10200.0,,
AuroraGuard™,F0PET15GF,Polyethylene Terephthalate,PET,1.56,108.0,6460.0,160.0,6200.0,,
Arnite®,AV2 370 /B,Polyethylene Terephthalate,PET,1.63,,,,12600.0,,
Arnite®,AV2 370 XL-T,Polyethylene Terephthalate,PET,1.67,,,,14000.0,,
Arnite®,AV2 390 XL,Polyethylene Terephthalate,PET,1.78,,,,18100.0,,
DSR,TL-2050,Polyethylene Terephthalate,PET,,,,,,,
Delta,PETR-1G3M35,Polyethylene Terephthalate,PET,1.58,117.0,11000.0,,,,
Laser+®,(C91A),Polyethylene Terephthalate,PET,,,,,,,
Laser+®,7000 (B92A),Polyethylene Terephthalate,PET,,,,,,,
Laser+®,C (K62A),Polyethylene Terephthalate,PET,,,,,,,
Laser+®,C 9000 (B64A),Polyethylene Terephthalate,PET,,,,,,,
Laser+®,W (L40A),Polyethylene Terephthalate,PET,,,,,,,
Laser+®,W (P41A),Polyethylene Terephthalate,PET,,,,,,,
Laser+®,W 4000 (K42A),Polyethylene Terephthalate,PET,,,,,,,
LONGLITE® PET,9130-200,Polyethylene Terephthalate,PET,1.7,,9700.0,210.0,12000.0,,25.0
LONGLITE® PET,9230-104X,Polyethylene Terephthalate,PET,1.63,,9000.0,195.0,,,
Rynite®,530 BK503,Polyethylene Terephthalate,PET,1.56,,8900.0,210.0,10000.0,90.0,
Rynite®,530 NC010,Polyethylene Terephthalate,PET,1.56,,9000.0,230.0,11000.0,90.0,
Rynite®,545 BK504,Polyethylene Terephthalate,PET,1.7,,14000.0,,16000.0,90.0,
Rynite®,545K BK504,Polyethylene Terephthalate,PET,1.71,,14000.0,300.0,15000.0,90.0,
Rynite®,815ER BK503,Polyethylene Terephthalate,PET,1.39,80.13524824839547,3700.0,140.0,4300.0,,26.0
Rynite®,940 BK505,Polyethylene Terephthalate,PET,1.64,,13000.0,,12000.0,,
Rynite®,940 NC010,Polyethylene Terephthalate,PET,1.64,,12000.0,200.0,12000.0,,
Rynite®,FR335 NC010,Polyethylene Terephthalate,PET,1.67,,,,12000.0,,
Rynite®,FR530 NC010,Polyethylene Terephthalate,PET,1.68,,10000.0,,12000.0,90.0,
Rynite®,FR533NH BK507,Polyethylene Terephthalate,PET,1.6,,13000.0,140.0,13000.0,90.0,
Rynite®,HR540SUV BK544,Polyethylene Terephthalate,PET,1.62,,,,13000.0,,20.0
Impet®,2700 GV1/20,Polyethylene Terephthalate,PET,1.52,,8100.0,173.0,8200.0,80.0,
Impet®,2700 GV1/45,Polyethylene Terephthalate,PET,1.74,,17000.0,240.0,17000.0,,
Impet®,830R,Polyethylene Terephthalate,PET,1.59,,10900.0,190.0,11000.0,76.0,5.0
Ultrafuse,rPET,Polyethylene Terephthalate,PET,1.27,,1660.0,66.9,1640.0,83.0,
Petra®,130 FR BK112,Polyethylene Terephthalate,PET,1.68,,9700.0,210.0,,,
Bangkok PET,V082P,Polyethylene Terephthalate,PET,,,,,,,
Bapolene®,80,Polyethylene Terephthalate,PET,1.39,,,,,,
4PET®,9L22115 H,Polyethylene Terephthalate,PET,1.44,,,,6750.0,,
4PET®,9L22120 HIUV,Polyethylene Terephthalate,PET,1.45,,,,7000.0,,
4PET®,9L22145 H,Polyethylene Terephthalate,PET,1.69,,,,16000.0,,
TEKASTER™,F615G30FR,Polyethylene Terephthalate,PET,1.67,,10100.0,226.0,,,
MWR,PET T7200GF30,Polyethylene Terephthalate,PET,1.56,,965.0,,,,
Ertalyte®,PET FG,Polyethylene Terephthalate,PET,1.41,,3380.0,135.0,3500.0,,
Matrixx,80S7351,Polyethylene Terephthalate,PET,1.6,159.0,9650.0,,,,
VYLOPET™,EMC-133T,Polyethylene Terephthalate,PET,1.67,,11500.0,228.0,,,
BESTDUR ECO,PHR,Polyethylene Terephthalate,PET,1.34,,,,,,
Wankai,WK801,Polyethylene Terephthalate,PET,,,,,,,
Yuyao PET,PETG10 (FR),Polyethylene Terephthalate,PET,1.3,,4000.0,110.0,,,
Yuyao PET,PETG30 (FR),Polyethylene Terephthalate,PET,1.55,,7500.0,180.0,,,
Tunhe PET,TH102,Polyethylene Terephthalate,PET,1.39,,,,,,
LUVOCOM®,1800-8449,Polyethylene Terephthalate,PET,1.45,,22000.0,310.0,25000.0,,
LUVOCOM®,1800-9333/WT,Polyethylene Terephthalate,PET,1.6,,8500.0,85.0,9500.0,,
Lotte,COOL,Polyethylene Terephthalate,PET,1.39,,,,,,
VYPET,VNT 630 FR,Polyethylene Terephthalate,PET,1.68,,10000.0,190.0,,,
VYPET,VNT 835B,Polyethylene Terephthalate,PET,1.56,120.0,9900.0,185.0,,,
RAMAPET®,N1,Polyethylene Terephthalate,PET,1.39,,,,,76.0,
RAMAPET®,N180,Polyethylene Terephthalate,PET,1.39,,,,,76.0,
RAMAPET®,N1S,Polyethylene Terephthalate,PET,1.39,,,,,76.0,
RAMAPET®,R1,Polyethylene Terephthalate,PET,1.39,,,,,76.0,
Polyclear®,Plus PET 1111,Polyethylene Terephthalate,PET,1.4,,,,,,
Polyclear®,Refresh PET 1101,Polyethylene Terephthalate,PET,1.4,,,,,,
FuTuRe-PET®,1125,Polyethylene Terephthalate,PET,1.4,,,,,,
Jamplast,PET EX-03,Polyethylene Terephthalate,PET,,,,,,,
RJM,SI302G15,Polyethylene Terephthalate,PET,1.52,,5980.0,137.0,,,
RTP,1105 BLK,Polyethylene Terephthalate,PET,1.56,,9650.0,221.0,11000.0,,
DuraPET,0624GF20 PCR ST,Polyethylene Terephthalate,PET,1.43,,5530.0,,5590.0,,9.0
Pontex,T5030G-1-GY1,Polyethylene Terephthalate,PET,1.54,,8340.0,167.0,,,20.0
RAMSTER,PE321G6BK10,Polyethylene Terephthalate,PET,1.66,,,,11100.0,,
RAMSTER,PE502G3BK10,Polyethylene Terephthalate,PET,1.52,,5600.0,165.0,6600.0,,
Rynite®,RE5264E NC010,Polyethylene Terephthalate,PET,1.66,,12000.0,280.0,14000.0,,
Eastlon,PET CB-602AB (Bio PET),Polyethylene Terephthalate,PET,1.3,,,,,,
PoliXL™,PBTBK,Polyethylene Terephthalate,PET,1.31,,2830.0,86.0,2760.0,,50.0
PoliXL™,PETGF30BK,Polyethylene Terephthalate,PET,1.55,,8620.0,231.0,10000.0,,
OCEANWORKS®,OR.201612,Polyethylene Terephthalate,PET,,,,,,,
SUSTADUR®,PET GLD 120 grey extruded,Polyethylene Terephthalate,PET,1.41,77.0,,,3100.0,,
SAXAPLAST™,PET-07C BTI K - N001,Polyethylene Terephthalate,PET,1.37,,,,,,
Meras®,FRX 2500 SG20,Polyethylene Terephthalate,PET,1.45,,,,8000.0,,
VERDANT™,PCRPTF,Polyethylene Terephthalate,PET,,,,,,,
VINPOL™,PT090,Polyethylene Terephthalate,PET,1.39,,,,,,
TechnoPet,GF 30 2 0 schwarz (32695),Polyethylene Terephthalate,PET,1.55,145.0,,,11200.0,,
Preformance® PET,1708,Polyethylene Terephthalate,PET,,,,,,,
Preformance® PET,AQ01,Polyethylene Terephthalate,PET,,,,,,,
TAROLOX,111 G6 DX0,Polyethylene Terephthalate,PET,1.66,,10000.0,220.0,11000.0,,
TAROLOX,111 G9,Polyethylene Terephthalate,PET,1.68,,13500.0,280.0,15500.0,,
STAR,PET IV.84FR (Fast Reheat),Polyethylene Terephthalate,PET,1.4,,,,,,
SILVER®,PET823G30,Polyethylene Terephthalate,PET,1.55,,10000.0,200.0,,,
SILVER®,PET840G30,Polyethylene Terephthalate,PET,1.65,,9500.0,190.0,,,
Lighter™,S98,Polyethylene Terephthalate,PET,,55.0,2100.0,,2300.0,78.0,
SureSpec,PET-80C,Polyethylene Terephthalate,PET,,,,,,,
Tecopet®,PT70 GR45 NL100 PR,Polyethylene Terephthalate,PET,1.69,,,,16000.0,,
Tecopet®,PT74 CR30 BK111 PR,Polyethylene Terephthalate,PET,1.44,,,,24000.0,,
ASPIRE®,T84,Polyethylene Terephthalate,PET,,,,,,,
TRIPET®,2500G40,Polyethylene Terephthalate,PET,1.63,137.0,9320.0,,,,35.0
TRIPET®,2550G30LW,Polyethylene Terephthalate,PET,1.54,112.0,8250.0,,,,12.0
TRIPET®,2550GN30,Polyethylene Terephthalate,PET,1.62,137.0,8830.0,,,,30.0
TRIPET®,NP2559GN45,Polyethylene Terephthalate,PET,1.71,137.0,1270.0,,,,60.0
VALOX™ FR Resin,365 - Asia,Polyethylene Terephthalate,PET,1.33,41.0,2240.0,,,,
KumhoSunny PET,HEG3620FG,Polyethylene Terephthalate,PET,1.6,,7000.0,180.0,,,
KumhoSunny PET,HEG3630,Polyethylene Terephthalate,PET,1.6,,11000.0,250.0,,,30.0
Shinite®,T102G30NA TH3012,Polyethylene Terephthalate,PET,1.7,,10300.0,196.0,,,15.0
SITRAPET,GF45-LK / C94150,Polyethylene Terephthalate,PET,1.7,,,,15000.0,,
Skyrol®,SG00,Polyethylene Terephthalate,PET,,,,,,,
Skyrol®,SH22,Polyethylene Terephthalate,PET,1.4,,,,,,
Skyrol®,SH31,Polyethylene Terephthalate,PET,,,,,,,
Skyrol®,SH64,Polyethylene Terephthalate,PET,1.4,,,,,,
Skyrol®,SH71S,Polyethylene Terephthalate,PET,1.4,,,,,,
Skyrol®,SH72S,Polyethylene Terephthalate,PET,1.4,,,,,,
Skyrol®,SH81,Polyethylene Terephthalate,PET,1.4,,,,,,
Skyrol®,SL11,Polyethylene Terephthalate,PET,1.4,,,,,,
Skyrol®,SL70,Polyethylene Terephthalate,PET,1.4,,,,,,
Skyrol®,SP19H,Polyethylene Terephthalate,PET,1.32,,,,,,
Skyrol®,SP29N,Polyethylene Terephthalate,PET,1.32,,,,,,
Skyrol®,SP93,Polyethylene Terephthalate,PET,1.4,,,,,,
Skyrol®,SP95,Polyethylene Terephthalate,PET,1.4,,,,,,
MECHETEC®,PET,Polyethylene Terephthalate,PET,1.34,,3380.0,121.0,3240.0,,
RENATUS®,BN9015,Polyethylene Terephthalate,PET,1.58,105.0,6400.0,163.0,,,
RENATUS®,CN3030SD,Polyethylene Terephthalate,PET,1.65,,9200.0,215.0,,,
PEXTIN™,RCPETG30-BK09,Polyethylene Terephthalate,PET,1.56,,7590.0,193.0,,,
PEXTIN™,RCPETMIG40-BK09,Polyethylene Terephthalate,PET,1.64,,9660.0,166.0,,,
Polygrade®,A3 LF CRLA010 PG301,Polyethylene Terephthalate,PET,1.33,,,115.0,,,
neopet,80,Polyethylene Terephthalate,PET,,,,,,,
OCTAL PET,RH 02,Polyethylene Terephthalate,PET,,,,,,,
Exelene® PET,IV 80,Polyethylene Terephthalate,PET,1.4,,,,,,
Exelene® PET,IV 84,Polyethylene Terephthalate,PET,1.4,,,,,,
Nan Ya PET,4113,Polyethylene Terephthalate,PET,1.4,53.9,2450.0,80.4,,,70.0
Polyclear®,Crystal PET 3302,Polyethylene Terephthalate,PET,1.39,,,,,,
Polyclear®,Refresh PET 1101,Polyethylene Terephthalate,PET,1.39,,,,,,
PRECITE®,E GF 20 natural (7301),Polyethylene Terephthalate,PET,1.47,,8500.0,225.0,7800.0,,
PRECITE®,E GF 30 natural (7303),Polyethylene Terephthalate,PET,1.55,,11600.0,269.0,10600.0,,
PRECITE®,E GF 35 natural (7626),Polyethylene Terephthalate,PET,1.63,,,,12600.0,,
PRECITE®,E GF 45 natural (7305),Polyethylene Terephthalate,PET,1.73,,17900.0,320.0,16500.0,,
PRECITE®,E GF 50 natural (7300),Polyethylene Terephthalate,PET,1.75,,21000.0,350.0,19400.0,,
PRECITE®,E ICF 30 black (7429),Polyethylene Terephthalate,PET,1.45,,24500.0,325.0,24000.0,,
InStruc®,PETGF30,Polyethylene Terephthalate,PET,1.56,,9650.0,221.0,11000.0,,
InElec®,PCT7011AS,Polyethylene Terephthalate,PET,1.21,37.9,1040.0,,,,30.0
InElec®,PCT7031AS,Polyethylene Terephthalate,PET,1.21,37.9,1070.0,,,,45.0
Laser+®,E60A,Polyethylene Terephthalate,PET,,,,,,,
Preformance® PET,N2R(A),Polyethylene Terephthalate,PET,,,,,,,
TECACOMP®,PET TRM black 9415,Polyethylene Terephthalate,PET,1.5,,,,14500.0,70.0,85.0
Arnite®,A06 101,Polyethylene Terephthalate,PET,1.39,55.0,,,2500.0,,
Arnite®,A08 100,Polyethylene Terephthalate,PET,1.39,55.0,,,2500.0,,
Arnite®,AV2 360 S,Polyethylene Terephthalate,PET,1.73,,,,13000.0,,
Comco,PET,Polyethylene Terephthalate,PET,1.38,85.0,,,3000.0,,
DSR,TL-8080,Polyethylene Terephthalate,PET,,,,,,,
Laser+®,C (E60A),Polyethylene Terephthalate,PET,,,,,,,
Laser+®,C 9921 (F65A),Polyethylene Terephthalate,PET,,,,,,,
Laser+®,HS (AD600A),Polyethylene Terephthalate,PET,,,,,,,
Laser+®,W Ti844 (P46A),Polyethylene Terephthalate,PET,,,,,,,
Array™,EBM,Polyethylene Terephthalate,PET,,,,,,,
LONGLITE® PET,9230-200X,Polyethylene Terephthalate,PET,1.63,,10500.0,200.0,,,
Rynite®,415HP BK503,Polyethylene Terephthalate,PET,1.39,,4000.0,,4500.0,,
Rynite®,415HP NC010,Polyethylene Terephthalate,PET,1.39,80.13524824839547,3600.0,,4700.0,,
Rynite®,545 NC010,Polyethylene Terephthalate,PET,1.69,,14000.0,,16000.0,90.0,
Rynite®,815ER NC010,Polyethylene Terephthalate,PET,1.39,80.13524824839547,3600.0,,4700.0,,
Rynite®,FR335 BK507,Polyethylene Terephthalate,PET,1.66,,11000.0,180.0,12000.0,,
Rynite®,FR945 BK507,Polyethylene Terephthalate,PET,1.85,,12000.0,140.0,13000.0,,
Rynite®,RE15022 NC010,Polyethylene Terephthalate,PET,1.65,,,,14000.0,,
Rynite®,SST35 BK503,Polyethylene Terephthalate,PET,1.52,,6800.0,,7500.0,,
Impet®,330R,Polyethylene Terephthalate,PET,1.58,,11000.0,229.0,11000.0,73.0,3.0
Celanex®,5206HG,Polyethylene Terephthalate,PET,1.45,,6300.0,135.0,6400.0,,
Petra®,130 FR,Polyethylene Terephthalate,PET,1.68,,9700.0,210.0,11100.0,,
4PET®,9L22115 FR1,Polyethylene Terephthalate,PET,1.58,,,,7000.0,,
4PET®,9L22120 H,Polyethylene Terephthalate,PET,1.48,,,,8000.0,,45.0
4PET®,9L22120 HL,Polyethylene Terephthalate,PET,1.48,,,,8000.0,,
4PET®,9L22120 HUV,Polyethylene Terephthalate,PET,1.48,,,,8000.0,,
4PET®,9L22130 HIUV,Polyethylene Terephthalate,PET,1.5,,8000.0,180.0,9000.0,,
MARPOL®,PET IV 80 WB,Polyethylene Terephthalate,PET,,,,,,,
Ertalyte®,SLP PET-P,Polyethylene Terephthalate,PET,1.39,,3500.0,135.0,3400.0,,
SCHULADUR®,E GF 30 FR5,Polyethylene Terephthalate,PET,2.0,,12400.0,220.0,12300.0,,
Matrixx,80S7150,Polyethylene Terephthalate,PET,1.44,96.5,5000.0,,,,
TEREZ PET,3200,Polyethylene Terephthalate,PET,1.32,56.0,,,2400.0,,
APPEEL™,93D894,Polyethylene Terephthalate,PET,1.33,,,,,76.0,
BESTDUR,PHG6 /01,Polyethylene Terephthalate,PET,1.58,,,,9700.0,,
Wankai,WK811,Polyethylene Terephthalate,PET,,,,,,,
Yuyao PET,PETG0 (FR),Polyethylene Terephthalate,PET,1.15,,,,,,
Yuyao PET,PETG10,Polyethylene Terephthalate,PET,1.2,,4000.0,110.0,,,
EköPet,76,Polyethylene Terephthalate,PET,,,,,,,
Tunhe PET,TH102B,Polyethylene Terephthalate,PET,1.39,,,,,,
Tunhe PET,TH103,Polyethylene Terephthalate,PET,1.39,,,,,,
VINPOL™,GP088,Polyethylene Terephthalate,PET,,,,,,,
VINPOL™,S-080,Polyethylene Terephthalate,PET,,,,,,,
TYNEP®,E4308,Polyethylene Terephthalate,PET,1.22,,8270.0,234.0,,,
LUVOCOM®,3F PET CF 9780 BK,Polyethylene Terephthalate,PET,1.4,,8000.0,130.0,9000.0,,
Lotte,ACE,Polyethylene Terephthalate,PET,1.39,,,,,,
Lotte,HIT,Polyethylene Terephthalate,PET,1.39,,,,,,
VYPET,VNT 645,Polyethylene Terephthalate,PET,1.68,155.0,14500.0,245.0,,,
VYPET,VNT 835,Polyethylene Terephthalate,PET,1.56,120.0,9900.0,185.0,,,
VYPET,VNT 917 MG,Polyethylene Terephthalate,PET,1.43,,6000.0,160.0,,,
RAMAPET®,FA,Polyethylene Terephthalate,PET,,,,,,,
RAMAPET®,H1,Polyethylene Terephthalate,PET,,,,,,,
RAMAPET®,S2,Polyethylene Terephthalate,PET,,,,,,,
Polyclear®,Splash PET 3301,Polyethylene Terephthalate,PET,1.4,,,,,,
Indorama PET,1101 B-PET,Polyethylene Terephthalate,PET,1.4,,,,,,
Indorama PET,3301 B-PET,Polyethylene Terephthalate,PET,1.4,,,,,,
ARYA,AP0084,Polyethylene Terephthalate,PET,,,,,,,
SUSTADUR®,PET GLD 120 grey calendered,Polyethylene Terephthalate,PET,1.41,77.0,,,3100.0,,
SUSTADUR®,PET GLD 130 natural,Polyethylene Terephthalate,PET,1.44,75.0,,,3300.0,,
RTP,1199 X 117594 A,Polyethylene Terephthalate,PET,1.49,,8620.0,120.0,9450.0,,
Relpet®,G5761,Polyethylene Terephthalate,PET,,,,,,,
DuraPET,0624,Polyethylene Terephthalate,PET,1.29,,2320.0,,2250.0,,16.0
PQS,CSD,Polyethylene Terephthalate,PET,,,,,,,
PQS,GL,Polyethylene Terephthalate,PET,,,,,,,
AuroraGuard™,FFD0071,Polyethylene Terephthalate,PET,,,,,,,
PoliXL™,PBTGF15N,Polyethylene Terephthalate,PET,1.41,,4900.0,145.0,5860.0,,
RENATUS®,RH036,Polyethylene Terephthalate,PET,1.66,,12700.0,275.0,,,
SUSTADUR®,PET WP natural extruded,Polyethylene Terephthalate,PET,1.39,85.0,,,3200.0,,
VERDANT™,PCRPTF072Z,Polyethylene Terephthalate,PET,,,,,,,
VINPOL™,PTFL,Polyethylene Terephthalate,PET,,,,,,,
TechnoPet,GF 20 2 0 schwarz,Polyethylene Terephthalate,PET,1.5,110.0,,,8000.0,,
HiFill®,PET 0268 B1,Polyethylene Terephthalate,PET,2.67,79.3,5860.0,117.0,,,
HiFill®,PET 935 GY288,Polyethylene Terephthalate,PET,1.59,,9650.0,83.4,,,
HiFill®,PET GF20 UV BK,Polyethylene Terephthalate,PET,1.45,,6890.0,152.0,,,
TAROLOX,111 G3,Polyethylene Terephthalate,PET,1.4,,9000.0,140.0,10500.0,,
TAROLOX,111 G4 Y0,Polyethylene Terephthalate,PET,1.52,,8100.0,130.0,8700.0,,
TAROLOX,111 G5 DX03,Polyethylene Terephthalate,PET,1.6,,8400.0,200.0,9200.0,,
TAROLOX,111 G6 DX02,Polyethylene Terephthalate,PET,1.68,,11000.0,210.0,12000.0,,
STAR,PET 80,Polyethylene Terephthalate,PET,1.4,,,,,,
SILVER®,PET840G20,Polyethylene Terephthalate,PET,1.56,,8000.0,170.0,,,
Eastlon,PET CB-606,Polyethylene Terephthalate,PET,1.38,,,,,,
Lighter™,C88,Polyethylene Terephthalate,PET,,55.0,2100.0,,2300.0,78.0,
Lighter™,VIRIDIS 98,Polyethylene Terephthalate,PET,,,,,,78.0,
TECAPET,black,Polyethylene Terephthalate,PET,1.38,68.9,3240.0,110.0,3340.0,,
SureSpec,PET-76,Polyethylene Terephthalate,PET,,,,,,,
Tecopet®,PT70 GR15 NL100 PR,Polyethylene Terephthalate,PET,1.44,,,,7000.0,,
Tecopet®,PT70 GR30 NL100 PS20,Polyethylene Terephthalate,PET,1.68,,,,11500.0,,
Tecopet®,PT70 KK45 NL XA20 0B,Polyethylene Terephthalate,PET,1.83,,,,13000.0,,
Tecopet®,PT74 GR30 NL XA60,Polyethylene Terephthalate,PET,1.56,,,,12000.0,,
ASPIRE®,Bio-100,Polyethylene Terephthalate,PET,,,,,,,
ASPIRE®,T80,Polyethylene Terephthalate,PET,,,,,,,
TRIPET®,2500,Polyethylene Terephthalate,PET,1.22,44.1,2260.0,,,,110.0
TRIPET®,2550GN15,Polyethylene Terephthalate,PET,1.51,108.0,6370.0,,,,42.0
TRIPET®,2550GN20,Polyethylene Terephthalate,PET,1.61,123.0,7350.0,,,,36.0
TRIPET®,LV2550GN45,Polyethylene Terephthalate,PET,1.75,147.0,12700.0,,,,50.0
SAXAPLAST™,PET-01 BTI nat,Polyethylene Terephthalate,PET,1.3,,,,2340.0,,
SABIC® PET,BC210,Polyethylene Terephthalate,PET,,,,,,,
SABIC® PET,PCG 80,Polyethylene Terephthalate,PET,,,,,,,
ECO INFINITE™,S82,Polyethylene Terephthalate,PET,,,,,,,
CALIMA,CA 360,Polyethylene Terephthalate,PET,,,,,,,
KumhoSunny PET,HEG3630FG,Polyethylene Terephthalate,PET,1.68,,10000.0,210.0,,,
Skyrol®,SH21,Polyethylene Terephthalate,PET,,,,,,,
Skyrol®,SH32,Polyethylene Terephthalate,PET,,,,,,,
Skyrol®,SH71E,Polyethylene Terephthalate,PET,1.4,,,,,,
Skyrol®,SH92,Polyethylene Terephthalate,PET,1.4,,,,,,
Skyrol®,SH96D,Polyethylene Terephthalate,PET,1.4,,,,,,
Skyrol®,SP81,Polyethylene Terephthalate,PET,1.4,,,,,,
PRIMALENE,WPP05PET,Polyethylene Terephthalate,PET,,,,,,,
RENATUS®,B3015FA,Polyethylene Terephthalate,PET,1.47,,6300.0,168.0,,,
RENATUS®,B3030FA,Polyethylene Terephthalate,PET,1.6,,10400.0,241.0,,,
RENATUS®,CN9015,Polyethylene Terephthalate,PET,1.58,,6400.0,163.0,,,
PEXTIN™,PETG30-BK09,Polyethylene Terephthalate,PET,1.56,,7590.0,193.0,,,
neopet,82 FR,Polyethylene Terephthalate,PET,,,,,,,
neopet,84 FR,Polyethylene Terephthalate,PET,,,,,,,
AQUA neopet,76,Polyethylene Terephthalate,PET,,,,,,,
NOVAPET SPRIT,PDA-91 W,Polyethylene Terephthalate,PET,,,,,,,
NOVAPET SPRIT,T0,Polyethylene Terephthalate,PET,,,,,,,
OCTAL PET,RH 01,Polyethylene Terephthalate,PET,,,,,,,
OCTAL PET,RH 03,Polyethylene Terephthalate,PET,,,,,,,
Exelene® PET,IV 84 FR,Polyethylene Terephthalate,PET,1.4,,,,,,
CERTENE™,PET 7676,Polyethylene Terephthalate,PET,,,,,,,
CERTENE™,PET 8076S,Polyethylene Terephthalate,PET,,,,,,,
CERTENE™,PET 8080,Polyethylene Terephthalate,PET,,,,,,,
Nan Ya PET,4410G7,Polyethylene Terephthalate,PET,1.6,157.0,9610.0,206.0,,,13.0
Nan Ya PET,4410G8,Polyethylene Terephthalate,PET,1.75,147.0,9810.0,177.0,,,10.0
Polyclear®,Splash PET 3301,Polyethylene Terephthalate,PET,1.39,,,,,,
PRECITE®,E GF 20 8 black (7498),Polyethylene Terephthalate,PET,1.47,,,,8000.0,,
PRECITE®,E GF 30 LA black (7825),Polyethylene Terephthalate,PET,1.59,,,,10500.0,,
PRECITE®,E ICF 20 black (7428),Polyethylene Terephthalate,PET,1.44,,,,17000.0,,
Laser+®,B90A,Polyethylene Terephthalate,PET,,,,,,,
PRIMATOP®,PET GP68 -HP,Polyethylene Terephthalate,PET,1.37,,,,,,
AuroraGuard™,016,Polyethylene Terephthalate,PET,1.18,52.0,1570.0,64.0,1570.0,,
AuroraGuard™,2F030GF,Polyethylene Terephthalate,PET,1.63,128.0,10700.0,,11700.0,,
AuroraGuard™,7006,Polyethylene Terephthalate,PET,1.37,,,,,,
Arnite®,A04 900,Polyethylene Terephthalate,PET,1.17,80.0,,,2800.0,,
Arnite®,AV2 340,Polyethylene Terephthalate,PET,1.52,,,,8500.0,,
Arnite®,AV2 370 XT,Polyethylene Terephthalate,PET,1.66,,,,13000.0,,
Arnite®,AV2 372,Polyethylene Terephthalate,PET,1.63,,,,13000.0,,
Arnite®,Care A1U,Polyethylene Terephthalate,PET,1.39,58.0,,,2500.0,,
Laser+®,HS CF746A (D53A),Polyethylene Terephthalate,PET,,,,,,,
Laser+®,W (L40B),Polyethylene Terephthalate,PET,,,,,,,
Laser+®,W PJ002 (F43A),Polyethylene Terephthalate,PET,,,,,,,
LONGLITE® PET,9030-200,Polyethylene Terephthalate,PET,1.54,,8000.0,190.0,10000.0,,28.0
Rynite®,530HTE BK503,Polyethylene Terephthalate,PET,1.59,,,,11000.0,90.0,
Rynite®,530HTE NC010,Polyethylene Terephthalate,PET,1.56,,,,11000.0,90.0,9.0
Rynite®,FR530 BK507,Polyethylene Terephthalate,PET,1.68,,10000.0,200.0,11000.0,90.0,
Rynite®,FR531 NC010,Polyethylene Terephthalate,PET,1.83,,,,13000.0,90.0,
Rynite®,FR543 NC010,Polyethylene Terephthalate,PET,1.79,,14000.0,,17000.0,90.0,
Rynite®,RE19051 BK507,Polyethylene Terephthalate,PET,1.73,,9700.0,170.0,11000.0,,
Rynite®,SST35 NC010,Polyethylene Terephthalate,PET,1.52,,,,7500.0,,
KEBABLEND® / TC,170.13 PET,Polyethylene Terephthalate,PET,1.68,,,,9000.0,,
Petra®,330 FR,Polyethylene Terephthalate,PET,1.67,,,,,,
Bapolene®,82,Polyethylene Terephthalate,PET,1.39,,,,,,
4PET®,9L22130 FR1,Polyethylene Terephthalate,PET,1.68,,,,10500.0,,
4PET®,9L22130 HHR,Polyethylene Terephthalate,PET,1.59,,,,11000.0,,
4PET®,9L22130 HL,Polyethylene Terephthalate,PET,1.57,,,,11000.0,,
MadeSolid,PET+,Polyethylene Terephthalate,PET,,45.8,1840.0,68.1,,82.0,
Mfinity™,S7500-PETX-TR,Polyethylene Terephthalate,PET,,,,,,,30.0
TEKASTER™,F615G30,Polyethylene Terephthalate,PET,1.56,,8730.0,230.0,,,
TEKASTER™,F615G45,Polyethylene Terephthalate,PET,1.69,,13500.0,294.0,,,
MARPOL®,PET IV 76 WB,Polyethylene Terephthalate,PET,,,,,,,
MARPOL®,PET IV 78 HF,Polyethylene Terephthalate,PET,,,,,,,
SCHULADUR®,E GF 35 SCHWARZ,Polyethylene Terephthalate,PET,1.63,,11500.0,255.0,14000.0,,
QR Resin,QR-3000,Polyethylene Terephthalate,PET,1.3,48.3,2070.0,,,,
QR Resin,QR-3000-GF30,Polyethylene Terephthalate,PET,1.5,,6830.0,,,,
Matrixx,80M7451,Polyethylene Terephthalate,PET,1.7,145.0,11700.0,,,,
ICORENE®,N9207,Polyethylene Terephthalate,PET,1.4,,,,,,
ACCUCOMP™,PET008L,Polyethylene Terephthalate,PET,1.34,63.0,2770.0,83.0,1830.0,,
BESTDUR,PH/01,Polyethylene Terephthalate,PET,1.34,,,,,,
Yuyao PET,PETG0,Polyethylene Terephthalate,PET,1.05,,,,,,
Yuyao PET,PETG20 (FR),Polyethylene Terephthalate,PET,1.45,,6200.0,155.0,,,
EköPet,80,Polyethylene Terephthalate,PET,,,,,,,
EköPet,84,Polyethylene Terephthalate,PET,,,,,,,
Tunhe PET,TH106,Polyethylene Terephthalate,PET,1.39,,,,,,
Kangxi®,FRPET-30GF,Polyethylene Terephthalate,PET,1.65,,8000.0,170.0,,,
Petlon R-Prime,PET Clear 100,Polyethylene Terephthalate,PET,1.36,,,,,,
Petlon R-Prime,PET Clear 100 FR-36,Polyethylene Terephthalate,PET,1.36,,,,,,
Petlon R-Prime,PET Jazz 100,Polyethylene Terephthalate,PET,1.36,,,,,,
VINPOL™,GP080,Polyethylene Terephthalate,PET,,,,,,,
VINPOL™,GP083,Polyethylene Terephthalate,PET,,,,,,,
VINPOL™,GP084R,Polyethylene Terephthalate,PET,,,,,,,
VINPOL™,W076-FR,Polyethylene Terephthalate,PET,,,,,,,
Lotte,BIO,Polyethylene Terephthalate,PET,1.39,,,,,,
Lotte,HOT,Polyethylene Terephthalate,PET,1.39,,,,,,
POCAN®,T7245 000000,Polyethylene Terephthalate,PET,1.83,,11000.0,170.0,12000.0,,
VYPET,VNT 840,Polyethylene Terephthalate,PET,1.64,,10500.0,177.0,,,
RAMAPET®,N2,Polyethylene Terephthalate,PET,,,,,,,
RAMAPET®,N3,Polyethylene Terephthalate,PET,,,,,,,
RAMAPET®,S4,Polyethylene Terephthalate,PET,,,,,,,
Polyclear®,Preserve PET 2201,Polyethylene Terephthalate,PET,1.4,,,,,,
Kingfa,PET-RG305,Polyethylene Terephthalate,PET,1.66,,9100.0,198.0,,,
ARYA,AP0072,Polyethylene Terephthalate,PET,,,,,,,
ARYA,AP0076,Polyethylene Terephthalate,PET,,,,,,,
ARYA,AP0080,Polyethylene Terephthalate,PET,,,,,,,
RJM,E1301-MB,Polyethylene Terephthalate,PET,,,,,,,
RJM,SI301G15,Polyethylene Terephthalate,PET,1.43,,6080.0,142.0,,,
RJM,SI301G40,Polyethylene Terephthalate,PET,1.65,,9810.0,216.0,,,
RJM,SIL-MB,Polyethylene Terephthalate,PET,,,,,,,
RTP,1108 BLK,Polyethylene Terephthalate,PET,1.68,,13800.0,265.0,16500.0,,
Relpet®,G5841,Polyethylene Terephthalate,PET,,,,,,,
Relpet®,QH5821,Polyethylene Terephthalate,PET,,,,,,,
DuraPET,0624 PCR ST,Polyethylene Terephthalate,PET,1.29,,2240.0,,1920.0,,16.0
DuraPET,0624GF30 PCR ST,Polyethylene Terephthalate,PET,1.51,,6650.0,,7030.0,,5.0
Pontex,T6030G-BK1,Polyethylene Terephthalate,PET,1.57,,9320.0,226.0,,,35.0
PoliXL™,PBTGF15BK,Polyethylene Terephthalate,PET,1.41,,4900.0,145.0,5860.0,,
PoliXL™,PBTN,Polyethylene Terephthalate,PET,1.31,,2830.0,86.0,2760.0,,50.0
SUSTADUR®,PET black calendered,Polyethylene Terephthalate,PET,1.38,85.0,,,3000.0,,
SUSTADUR®,PET blue,Polyethylene Terephthalate,PET,1.38,85.0,,,3000.0,,
SUSTADUR®,PET FG natural,Polyethylene Terephthalate,PET,1.39,85.0,,,3200.0,,
SUSTADUR®,PET WP natural calendered,Polyethylene Terephthalate,PET,1.39,85.0,,,3200.0,,
Meras®,HRX 2500 S,Polyethylene Terephthalate,PET,1.35,,,,2600.0,,
Meras®,HRX 2500 SG30,Polyethylene Terephthalate,PET,1.55,,,,10500.0,,
VERDANT™,PCRPT078,Polyethylene Terephthalate,PET,,,,,,,
VINPOL™,PT100,Polyethylene Terephthalate,PET,,,,,,,
VINPOL™,PT125,Polyethylene Terephthalate,PET,1.39,,,,,,
SD POLYCA™,CR3241-10G,Polycarbonate + PET,PC+PET,1.28,79.0,3800.0,100.0,3900.0,,
Hangzhou Jinxin,VMPET Packaging Film,"Film, PET","Film, PET",,,,,,,
TRILOY®,410,Polycarbonate + PET,PC+PET,1.23,58.8,2260.0,,,,9.0
XENOY™ Resin,RCX201 - Asia,Polycarbonate + PET,PC+PET,1.23,52.0,2150.0,82.0,,,
XENOY™ Resin,X2300WX - Americas,Polycarbonate + PET,PC+PET,1.21,58.0,2200.0,,2410.0,,35.0
XENOY™ Resin,X2500UV - Europe,Polycarbonate + PET,PC+PET,1.21,53.0,2100.0,79.0,2200.0,,9.0
XENOY™ Resin,X5230 - Americas,Polycarbonate + PET,PC+PET,1.33,53.0,3810.0,,3990.0,,28.0
XENOY™ Resin,XL1339 - Americas,Polycarbonate + PET,PC+PET,1.22,55.0,2200.0,,2090.0,,
ULTEM™ Resin,DU319,Polyether Imide + PET,PEI+PET,1.29,110.0,,,3300.0,,8.1
KumhoSunny PC/PET,KCA9360,Polycarbonate + PET,PC+PET,1.21,,2000.0,68.0,,,35.0
KumhoSunny PC/PET,KCA9363,Polycarbonate + PET,PC+PET,1.21,,2100.0,72.0,,,30.0
PRL,PC/TP-GP1,Polycarbonate + PET,PC+PET,1.22,55.2,2170.0,86.2,,,5.0
PEXLOY™,PXE-3015-BK10,Polycarbonate + PET,PC+PET,1.22,56.6,2380.0,86.9,,,30.0
AuroraTec™,2512IM,Polycarbonate + PET,PC+PET,1.24,55.2,2210.0,84.8,,,25.0
AuroraTec™,410GFIMU,Polycarbonate + PET,PC+PET,1.3,74.0,3070.0,103.0,,,35.0
AuroraTec™,41958,Polycarbonate + PET,PC+PET,1.3,52.0,2070.0,68.9,,,
Makroblend®,DP7645,Polycarbonate + PET,PC+PET,1.2,50.0,2100.0,75.0,2100.0,,
Makroblend®,EL703,Polycarbonate + PET,PC+PET,1.3,56.0,2250.0,83.0,2300.0,,
Makroblend®,UT235 M RE,Polycarbonate + PET,PC+PET,1.34,68.0,4650.0,115.0,4500.0,,
Makroblend®,UT250 HR,Polycarbonate + PET,PC+PET,1.22,55.0,2200.0,82.0,2200.0,,
Petlon R-Prime,P3-MF15-00-BK,Polycarbonate + PET,PC+PET,1.34,,,,,,100.0
Infino,AE-2030,Polycarbonate + PET,PC+PET,1.2,55.9,2200.0,80.0,2100.0,,22.0
RAMLLOY,PZE701BK11,Polycarbonate + PET,PC+PET,1.24,,,,2200.0,,22.0
XENOY™ Resin,2230 - Americas,Polycarbonate + PET,PC+PET,1.22,55.0,2240.0,,2085.275532,,
ORION™,PC/PET7901,Polycarbonate + PET,PC+PET,1.21,57.2,2340.0,,2170.0,,35.0
SD POLYCA™,CR3241,Polycarbonate + PET,PC+PET,1.21,60.0,2200.0,85.0,2200.0,,
TRILOY®,450N,Polycarbonate + PET,PC+PET,1.28,58.8,2350.0,,,,37.0
TRILOY®,S460G15,Polycarbonate + PET,PC+PET,1.3,88.3,3530.0,,,,16.0
XENOY™ Resin,T2NX2500UV - Europe,Polycarbonate + PET,PC+PET,1.21,53.0,2100.0,79.0,2200.0,,9.0
XENOY™ Resin,T2NX5230 - Europe,Polycarbonate + PET,PC+PET,1.33,58.0,3750.0,,3850.0,,28.0
InStruc®,PCPETGF20IM,Polycarbonate + PET,PC+PET,1.48,,10300.0,,,,
ColorFast®,PCT1000,Polycarbonate + PET,PC+PET,1.17,51.7,1930.0,75.8,,,18.0
AuroraTec™,41515IM,Polycarbonate + PET,PC+PET,1.21,55.2,2210.0,84.8,,,30.0
AuroraTec™,42512IM,Polycarbonate + PET,PC+PET,1.24,55.2,2210.0,84.8,,,25.0
Makroblend®,AR205,Polycarbonate + PET,PC+PET,1.21,54.0,2200.0,80.0,2200.0,,
Lucky Enpla,LAY2000,Polycarbonate + PET,PC+PET,1.21,,2210.0,79.4,,,12.0
TriBLEND,"13E (U,R)",Polycarbonate + PET,PC+PET,1.22,55.2,2280.0,,,,18.0
RAMLLOY,PZF101BK10,Polycarbonate + PET,PC+PET,1.23,,,,2000.0,,25.0
HiFill®,PC / PET 2230 HF UV,Polycarbonate + PET,PC+PET,1.2,,2210.0,89.6,,,8.0
TARFLON™,SC-300,Polycarbonate + PET,PC+PET,1.21,60.0,2200.0,90.0,,,
TARFLON™,SC-420,Polycarbonate + PET,PC+PET,1.21,60.0,2200.0,80.0,,,
Hangzhou Jinxin,VMPET Film for Metallic Yarn/Glitter Powder,"Film, PET","Film, PET",,,,,,,
Sunny®,PC-PET EN100,Polycarbonate + PET,PC+PET,1.18,,1060.0,80.0,,,
XENOY™ Resin,T2RX2500UV - Americas,Polycarbonate + PET,PC+PET,1.21,57.0,2150.0,,2200.0,,9.0
KumhoSunny PC/PET,HTC6060,Polycarbonate + PET,PC+PET,1.2,,2100.0,70.0,,,30.0
ColorFast®,PCT1010GF,Polycarbonate + PET,PC+PET,1.27,58.6,2000.0,8.96,2550.0,,10.0
Loyblend®,TK-1000,Polycarbonate + PET,PC+PET,1.21,,2390.0,92.0,2850.0,,15.0
Makroblend®,AR205 RE,Polycarbonate + PET,PC+PET,1.21,54.0,2200.0,80.0,2200.0,,
Makroblend®,UT203,Polycarbonate + PET,PC+PET,1.21,59.0,,,2350.0,,
Makroblend®,UT235 M,Polycarbonate + PET,PC+PET,1.34,68.0,4650.0,115.0,4500.0,,
Cheng Yu,E500G10,Polycarbonate + PET,PC+PET,1.27,,,125.0,,,
QR Resin,QR-1335IM(V),Polycarbonate + PET,PC+PET,1.21,58.6,2070.0,79.3,,,35.0
TriBLEND,"22G10E (U,R)",Polycarbonate + PET,PC+PET,1.3,74.5,3720.0,,,,35.0
XENOY™ Resin,X5630Q - Europe,Polycarbonate + PET,PC+PET,1.35,56.0,4100.0,,4200.0,,20.0
ORION™,PC/PET7901UV,Polycarbonate + PET,PC+PET,1.21,57.2,2340.0,,2170.0,,35.0
Plaslube®,PC / PET IM 1012,Polycarbonate + PET,PC+PET,1.22,55.2,2340.0,91.0,,,12.0
Plaslube®,PC / PET IM 1016 UV,Polycarbonate + PET,PC+PET,1.22,53.8,2140.0,89.6,,,12.0
Hangzhou Jinxin,Colored VMPET Film,"Film, PET","Film, PET",,,,,,,
TRILOY®,L460G10,Polycarbonate + PET,PC+PET,1.27,73.5,2750.0,,,,12.0
XENOY™ Resin,T2RX5230 - Americas,Polycarbonate + PET,PC+PET,1.34,56.0,4120.0,,3430.0,,
XENOY™ Resin,T2RX5630Q - Americas,Polycarbonate + PET,PC+PET,1.35,55.0,4100.0,,4200.0,,
XENOY™ Resin,X5630P - Europe,Polycarbonate + PET,PC+PET,1.35,56.0,4050.0,,4150.0,,
XENOY™ Resin,X5630Q - Americas,Polycarbonate + PET,PC+PET,1.35,56.0,4100.0,,4200.0,,20.0
VALOX™ FR Resin,365 - Americas,Polycarbonate + PET,PC+PET,1.33,41.0,2240.0,,,,
LNP™ THERMOCOMP™ Compound,9X02540,Polycarbonate + PET,PC+PET,1.47,103.0,6530.0,149.0,7240.0,,
EcoBlend®,KCA9371NH,Polycarbonate + PET,PC+PET,1.2,,2300.0,82.0,,,33.0
InStruc®,PCPETGF10LE,Polycarbonate + PET,PC+PET,1.31,,4830.0,,,,
ColorFast®,PCT1018,Polycarbonate + PET,PC+PET,1.16,51.7,1930.0,75.8,,,25.0
Makroblend®,EL700,Polycarbonate + PET,PC+PET,1.28,58.0,2300.0,86.0,2350.0,,
Makroblend®,UT1018,Polycarbonate + PET,PC+PET,1.22,49.0,1900.0,70.0,2000.0,,
Makroblend®,UT215 M,Polycarbonate + PET,PC+PET,1.27,65.0,3100.0,105.0,3050.0,,
Makroblend®,UT408,Polycarbonate + PET,PC+PET,1.22,59.0,2350.0,88.0,2400.0,,
Cheng Yu,E500,Polycarbonate + PET,PC+PET,1.2,,,90.0,,,12.0
Cheng Yu,E500G20,Polycarbonate + PET,PC+PET,1.35,,,130.0,,,
Badadur®,PET/PC 38 TM-Z1 H UV,Polycarbonate + PET,PC+PET,1.23,55.0,,,2200.0,,
BESTPOLUX,PCTHC/02,Polycarbonate + PET,PC+PET,1.22,,,,2300.0,,
TYNELOY®,CE1918,Polycarbonate + PET,PC+PET,1.22,48.3,2000.0,68.9,,,
TYNELOY®,CE4200,Polycarbonate + PET,PC+PET,1.38,89.6,5930.0,159.0,,,
Infino,AE-2230,Polycarbonate + PET,PC+PET,1.35,57.9,3920.0,90.0,4000.0,,20.0
Romiloy®,2720,Polycarbonate + PET,PC+PET,1.22,,2200.0,80.0,2300.0,,30.0
TAROLOY,110,Polycarbonate + PET,PC+PET,1.21,,2150.0,90.0,2400.0,,12.0
AuroraTec™,ENV36-NC890,Polycarbonate + PET,PC+PET,1.18,58.6,2320.0,86.9,,,40.0
Tecotek®,PC30 NL VB03,Polycarbonate + PET,PC+PET,1.21,55.0,,,2250.0,,
XENOY™ Resin,X4870HH - Americas,Polycarbonate + PET,PC+PET,1.34,67.0,4000.0,,4300.0,,8.0
XENOY™ Resin,X5230 - Europe,Polycarbonate + PET,PC+PET,1.33,58.0,3750.0,,3850.0,,28.0
KumhoSunny PC/PET,KCA9361,Polycarbonate + PET,PC+PET,1.21,,2000.0,70.0,,,30.0
KumhoSunny PC/PET,KCA9362,Polycarbonate + PET,PC+PET,1.21,,2100.0,72.0,,,30.0
AUROblend®,PC+PET HI black 9005,Polycarbonate + PET,PC+PET,1.2,45.0,,,2050.0,,
AuroraTec™,4010UR,Polycarbonate + PET,PC+PET,1.27,48.3,2210.0,82.7,,,40.0
Makroblend®,UT250,Polycarbonate + PET,PC+PET,1.22,55.0,2300.0,88.0,2250.0,,
Makroblend®,UT305,Polycarbonate + PET,PC+PET,1.24,69.0,2600.0,100.0,2600.0,,
Makroblend®,UT403,Polycarbonate + PET,PC+PET,1.23,58.0,2300.0,86.0,2400.0,,
XANTAR™,EM 605,Polycarbonate + PET,PC+PET,1.21,55.0,2200.0,80.0,2200.0,,7.0
Lucent PC,PC/PET-1515,Polycarbonate + PET,PC+PET,1.21,55.2,2210.0,84.8,,,15.0
TriBLEND,"23E (U,R)",Polycarbonate + PET,PC+PET,1.22,55.2,2280.0,,,,25.0
POCAN®,C1206 000000,Polycarbonate + PET,PC+PET,1.22,50.0,2200.0,75.0,2200.0,,
TAROLOX,2050 W G3,Polybutylene Terephthalate + PET,PBT+PET,1.44,,5400.0,115.0,,,
TAROLOX,2050 W G9,Polybutylene Terephthalate + PET,PBT+PET,1.64,,12000.0,220.0,14000.0,,
EPIMIX,PBT/PET GFM 40 BK Q1D0B001,Polybutylene Terephthalate + PET,PBT+PET,1.68,,11400.0,180.0,12500.0,,
EPIMIX,PBT/PET GFR 20 NC Q1C001,Polybutylene Terephthalate + PET,PBT+PET,1.46,,7000.0,200.0,7800.0,,30.0
EPIMIX,PBT/PET GFR 30 BK Q1D001,Polybutylene Terephthalate + PET,PBT+PET,1.54,,9500.0,210.0,10500.0,,25.0
EPIMIX,PBT/PET GFR 30 BK Q1D002,Polybutylene Terephthalate + PET,PBT+PET,1.54,,9000.0,190.0,9600.0,,25.0
EPIMIX,PBT/PET GFR 50 NC Q1F001,Polybutylene Terephthalate + PET,PBT+PET,1.73,,17600.0,270.0,18000.0,,21.0
Tecodur®,PB70 GR35 NL100 HS01,Polybutylene Terephthalate + PET,PBT+PET,1.58,,,,12000.0,,
VALOX™ Resin,T3N8032U - Europe,Polybutylene Terephthalate + PET,PBT+PET,1.58,145.0,8500.0,,9500.0,,15.0
VALOX™ FR Resin,ENH8530 - Europe,Polybutylene Terephthalate + PET,PBT+PET,1.46,75.0,6300.0,,7400.0,,20.0
Sindustris PBT,SG5151,Polybutylene Terephthalate + PET,PBT+PET,1.43,,4900.0,147.0,,,
TECHNYL® PROTECT,AT 20 V25 BK,Polyethylene Terephthalate + PA 66,PET+Nylon 66,1.39,,4600.0,150.0,7200.0,,
TECHNYL® PROTECT,AT 20 V25 NC,Polyethylene Terephthalate + PA 66,PET+Nylon 66,1.39,,5100.0,155.0,7800.0,,
TECHNYL® PROTECT,AT 20 V25 P BK,Polyethylene Terephthalate + PA 66,PET+Nylon 66,1.36,,5600.0,160.0,6200.0,,
TECHNYL® PROTECT,AT 20 V25 P BK,Polyethylene Terephthalate + PA 66,PET+Nylon 66,1.36,,7500.0,210.0,8500.0,,
Arnite®,TV4 491,Polybutylene Terephthalate + PET,PBT+PET,1.72,,15000.0,195.0,16500.0,,
DESOX™,DSC640G10,Polybutylene Terephthalate + PET,PBT+PET,1.73,,14700.0,255.0,,,
CompaDur®,125 GF 20 black (045),Polybutylene Terephthalate + PET,PBT+PET,1.47,130.0,,,7600.0,,
CompaDur®,125 GF 30 natural (016),Polybutylene Terephthalate + PET,PBT+PET,1.55,,,,10500.0,,
CompaDur®,125 GF 45 black (048),Polybutylene Terephthalate + PET,PBT+PET,1.75,175.0,,,16500.0,,
Ultradur®,B 4040 G11 HMG BK15029,Polybutylene Terephthalate + PET,PBT+PET,1.81,,19200.0,,21000.0,,
Ultradur®,B 4040 G6 BKQ29 15075,Polybutylene Terephthalate + PET,PBT+PET,1.55,,9100.0,,10600.0,,
Ultradur®,B 4040 G6 HR BK15029,Polybutylene Terephthalate + PET,PBT+PET,1.55,,9050.0,220.0,8900.0,,
NOVADURAN™,5320GT20,Polybutylene Terephthalate + PET,PBT+PET,1.36,,6570.0,163.0,7970.0,,
SCHULADUR®,A1 GF 20,Polybutylene Terephthalate + PET,PBT+PET,1.47,,,,8100.0,,
SCHULADUR®,A1 GF15 K1947,Polybutylene Terephthalate + PET,PBT+PET,1.43,,,,6700.0,,
TEREZ PBT/PET,Blend 7100 GF 30,Polybutylene Terephthalate + PET,PBT+PET,1.54,,,,9800.0,,
Toraycon™,1101H,Polybutylene Terephthalate + PET,PBT+PET,1.84,,4300.0,100.0,4600.0,,
Toraycon™,1101H X02,Polybutylene Terephthalate + PET,PBT+PET,1.63,,2800.0,80.0,,,
Petlon R-Prime,M3-G30-00-BK,Polybutylene Terephthalate + PET,PBT+PET,1.58,,,,,,
POCAN®,ECOT3220 000000,Polybutylene Terephthalate + PET,PBT+PET,1.47,,7500.0,195.0,7500.0,,
POCAN®,ECOT3230 000000,Polybutylene Terephthalate + PET,PBT+PET,1.55,,10300.0,230.0,10400.0,,
POCAN®,ECOT3240 000000,Polybutylene Terephthalate + PET,PBT+PET,1.69,,15500.0,260.0,16000.0,,
POCAN®,T3150XF 000000,Polybutylene Terephthalate + PET,PBT+PET,1.77,,18000.0,260.0,18500.0,,
POCAN®,T7323 000000,Polybutylene Terephthalate + PET,PBT+PET,1.47,,7500.0,195.0,7500.0,,
POCAN®,T7391 900044 POS151,Polybutylene Terephthalate + PET,PBT+PET,1.69,,15500.0,260.0,16000.0,,
Kepex®,3730GF,Polybutylene Terephthalate + PET,PBT+PET,1.57,,10500.0,250.0,10800.0,,
RAMSTER,PF310G6BK11,Polybutylene Terephthalate + PET,PBT+PET,1.56,,,,10300.0,,
RAMSTER,PF317G6WT35,Polybutylene Terephthalate + PET,PBT+PET,1.53,,9970.0,220.0,10400.0,,
Pocan®,TFN4230 000000,Polybutylene Terephthalate + PET,PBT+PET,1.59,,10400.0,160.0,10300.0,,
LOXISTER,PBT/PET GF15 14005,Polybutylene Terephthalate + PET,PBT+PET,1.42,,6090.0,165.0,,,
LNP™ THERMOCOMP™ Compound,WX15004L,Polybutylene Terephthalate + PET,PBT+PET,1.54,140.0,8000.0,,9000.0,,
VALOX™ Resin,V8090 - Europe,Polybutylene Terephthalate + PET,PBT+PET,1.77,180.0,17000.0,,18500.0,,36.0
Hyundai EP,EL190,Polybutylene Terephthalate + PET,PBT+PET,1.73,165.0,16100.0,,,,
EPIMIX+,PBT/R-PET GX0 30 NC Q1D0B801,Polybutylene Terephthalate + PET,PBT+PET,1.56,,9500.0,165.0,12000.0,,
EPIMIX,PBT/PET GFR 30 BK Q1D003,Polybutylene Terephthalate + PET,PBT+PET,1.54,,9500.0,210.0,10500.0,,25.0
EPIMIX,PBT/PET GFR 30 NC Q1D001,Polybutylene Terephthalate + PET,PBT+PET,1.54,,9500.0,210.0,10500.0,,25.0
EPIMIX,PBT/PET GV0 30 NC Q1D0B001,Polybutylene Terephthalate + PET,PBT+PET,1.66,,9700.0,190.0,12500.0,,
Tecodur®,PB70 GR15 BK002 XA21,Polybutylene Terephthalate + PET,PBT+PET,1.53,,,,6500.0,,
VALOX™ Resin,8032U - Europe,Polybutylene Terephthalate + PET,PBT+PET,1.58,145.0,8500.0,,9500.0,,15.0
VALOX™ Resin,8032UX - Europe,Polybutylene Terephthalate + PET,PBT+PET,1.57,140.0,9000.0,,10500.0,,21.0
VALOX™ FR Resin,865 - Asia,Polybutylene Terephthalate + PET,PBT+PET,1.66,,8000.0,,,,
Sindustris PBT,SG3251M,Polybutylene Terephthalate + PET,PBT+PET,1.54,,4310.0,83.4,,,
SITRACON,16E-GF15 / grau,Polybutylene Terephthalate + PET,PBT+PET,1.43,90.0,,,6000.0,,
DURANEX®,306MS,Polybutylene Terephthalate + PET,PBT+PET,1.75,,17000.0,240.0,,,
PRECITE®,K GF 20 natural (7364),Polybutylene Terephthalate + PET,PBT+PET,1.47,,,,7200.0,,
PRECITE®,K GF 30 black (7182),Polybutylene Terephthalate + PET,PBT+PET,1.56,,,,10500.0,,
PRECITE®,K ICF 30 black (7570),Polybutylene Terephthalate + PET,PBT+PET,1.43,,,,24000.0,,
Endur®,2100 GF15,Polybutylene Terephthalate + PET,PBT+PET,1.43,,5000.0,155.0,6100.0,,
4TECH®,9KL22115 H,Polybutylene Terephthalate + PET,PBT+PET,,,,,7500.0,,
TECHNYL® PROTECT,AT 20 V25 P BK 9190,Polyethylene Terephthalate + PA 66,PET+Nylon 66,1.36,,5600.0,160.0,6200.0,,
TECHNYL® PROTECT,AT 20 V25 P NC,Polyethylene Terephthalate + PA 66,PET+Nylon 66,1.36,,5400.0,140.0,6100.0,,
Arnite®,TV4 461 KL,Polybutylene Terephthalate + PET,PBT+PET,1.53,,,,9900.0,,
DESOX™,DSC640G3,Polybutylene Terephthalate + PET,PBT+PET,1.43,,6370.0,127.0,,,
CompaDur®,125 GF 30 black (047),Polybutylene Terephthalate + PET,PBT+PET,1.55,155.0,,,10500.0,,
Novalloy-B,BE2703(Type K),Polybutylene Terephthalate + PET,PBT+PET,1.45,,6000.0,150.0,,,
LONGLITE® PBT,3030-200EX,Polybutylene Terephthalate + PET,PBT+PET,1.54,,8100.0,210.0,11000.0,,20.0
Ultradur®,B 4040 G3 FR BK5830 Q605,Polybutylene Terephthalate + PET,PBT+PET,1.56,,6080.0,139.0,,,
Ultradur®,B 4040 G4,Polybutylene Terephthalate + PET,PBT+PET,1.47,,7010.0,190.0,7500.0,,
SCHULADUR®,A1 GF 30 HF FR 1,Polybutylene Terephthalate + PET,PBT+PET,1.68,,,,12000.0,,
SCHULADUR®,PCR GF 15,Polybutylene Terephthalate + PET,PBT+PET,1.41,,,,6300.0,,
Toraycon™,1101G-M55 BL,Polybutylene Terephthalate + PET,PBT+PET,1.7,,17000.0,267.0,,,
Toraycon™,EC44G-30,Polybutylene Terephthalate + PET,PBT+PET,1.65,,10800.0,160.0,11500.0,,
VYLOPET™,EMC-405AX-14A,Polybutylene Terephthalate + PET,PBT+PET,1.47,,5000.0,105.0,,,
BESTDUR,TPHG6/02,Polybutylene Terephthalate + PET,PBT+PET,1.55,,,,8800.0,,
TYNEP®,P8150,Polybutylene Terephthalate + PET,PBT+PET,1.15,,4480.0,131.0,,,
Lupox®,LW4400,Polybutylene Terephthalate + PET,PBT+PET,1.63,,110000.0,2000.0,,,12.0
Lupox®,LZ5300B,Polybutylene Terephthalate + PET,PBT+PET,1.55,,8830.0,196.0,,,20.0
POCAN®,KU1-7313 000000,Polybutylene Terephthalate + PET,PBT+PET,1.43,,,,6100.0,,
POCAN®,T7141 000000,Polybutylene Terephthalate + PET,PBT+PET,1.7,,11000.0,175.0,12000.0,,
Kepex®,3750GF,Polybutylene Terephthalate + PET,PBT+PET,1.75,,16800.0,280.0,17800.0,,
RAMSTER,PF319G50BK10,Polybutylene Terephthalate + PET,PBT+PET,1.73,,16200.0,245.0,17500.0,,
Pocan®,ECOT3240 000000 POS151,Polybutylene Terephthalate + PET,PBT+PET,1.69,,15500.0,260.0,16000.0,,
LOXISTER,PBT/PET  TA20  14001,Polybutylene Terephthalate + PET,PBT+PET,1.47,,4700.0,90.0,,,60.0
TAROLOX,2050 W G4,Polybutylene Terephthalate + PET,PBT+PET,1.47,,6200.0,160.0,7000.0,,
Hyundai EP,EL160,Polybutylene Terephthalate + PET,PBT+PET,1.56,134.0,8760.0,,,,
EPIMIX,PBT/PET GFR 15 BK Q1B501,Polybutylene Terephthalate + PET,PBT+PET,1.43,,5500.0,170.0,6800.0,,34.0
EPIMIX,PBT/PET GFR 20 BK Q1C001,Polybutylene Terephthalate + PET,PBT+PET,1.46,,7000.0,200.0,7800.0,,29.0
ESTOPLAST EP,2050BB21,Polybutylene Terephthalate + PET,PBT+PET,1.74,,,230.0,,,
ESTOPLAST EP,3020NN01,Polybutylene Terephthalate + PET,PBT+PET,1.47,,,98.0,,,
Tecodur®,PB70 GR50 BK002 CA01,Polybutylene Terephthalate + PET,PBT+PET,1.73,,,,19000.0,,
VALOX™ FR Resin,865 - Americas,Polybutylene Terephthalate + PET,PBT+PET,1.66,,8000.0,,8424.260515,,
KumhoSunny PBT/PET,HEB4050M,Polybutylene Terephthalate + PET,PBT+PET,1.45,,3600.0,70.0,,,20.0
Sindustris PBT,SG5301,Polybutylene Terephthalate + PET,PBT+PET,1.54,,7850.0,177.0,,,
DURANEX®,CN7740XB,Polybutylene Terephthalate + PET,PBT+PET,1.76,,14000.0,157.0,,,
Bergadur™,PB40 G30 H-UV BLACK QS 70,Polybutylene Terephthalate + PET,PBT+PET,1.53,,,,10000.0,,
PRECITE®,K GF 15 black (7739),Polybutylene Terephthalate + PET,PBT+PET,1.44,,,,6200.0,,
PRECITE®,K GF 15 white (7489),Polybutylene Terephthalate + PET,PBT+PET,1.47,,,,6200.0,,
PRECITE®,K GF 50 black (7434),Polybutylene Terephthalate + PET,PBT+PET,1.72,,,,17000.0,,
PRECITE®,K GF 50 natural (7435),Polybutylene Terephthalate + PET,PBT+PET,1.75,,,,20000.0,,
Endur®,2100 GF20,Polybutylene Terephthalate + PET,PBT+PET,1.47,,6200.0,195.0,7800.0,,
4TECH®,9KL22130,Polybutylene Terephthalate + PET,PBT+PET,1.53,,,,9000.0,,
TECHNYL® PROTECT,AT 20 V25 BK,Polyethylene Terephthalate + PA 66,PET+Nylon 66,1.39,,6900.0,205.0,9200.0,,
CompaDur®,125 GF 30 black (046),Polybutylene Terephthalate + PET,PBT+PET,1.55,150.0,,,10500.0,,
LONGLITE® PBT,3030-104EX,Polybutylene Terephthalate + PET,PBT+PET,1.55,,8500.0,200.0,10500.0,,20.0
Ultradur®,B 4040 G3 FR BK7696,Polybutylene Terephthalate + PET,PBT+PET,1.56,,6800.0,,7000.0,,
Ertalyte®,TX PET-P,Polyethylene Terephthalate + PA 6,PET+Nylon 6,1.44,,2480.0,122.0,3300.0,,
NOVADURAN™,5308F20,Polybutylene Terephthalate + PET,PBT+PET,1.49,,5000.0,100.0,5200.0,,
NOVADURAN™,5308FDV-K2D,Polybutylene Terephthalate + PET,PBT+PET,1.33,,2950.0,100.0,3000.0,,
NOVADURAN™,5308G55,Polybutylene Terephthalate + PET,PBT+PET,1.81,,17900.0,260.0,21100.0,,
SCHULADUR®,A1 GF 30 LW,Polybutylene Terephthalate + PET,PBT+PET,1.56,,9700.0,200.0,11000.0,,
SCHULADUR®,PCR GF 15 K1947,Polybutylene Terephthalate + PET,PBT+PET,1.43,,,,6700.0,,
Toraycon™,1151W-X01,Polybutylene Terephthalate + PET,PBT+PET,1.58,,10000.0,183.0,10500.0,,
Toraycon™,1154W,Polybutylene Terephthalate + PET,PBT+PET,1.65,,9200.0,170.0,9800.0,,
Toraycon™,2164G-30 B3,Polybutylene Terephthalate + PET,PBT+PET,1.69,,10800.0,200.0,,,
BESTDUR,TPXG6/02,Polybutylene Terephthalate + PET,PBT+PET,1.67,,,,8500.0,,
Lupox®,SG5300H,Polybutylene Terephthalate + PET,PBT+PET,1.53,,8340.0,181.0,,,35.0
POCAN®,C5210 000000,Polybutylene Terephthalate + PET,PBT+PET,1.3,47.63787223382037,3800.0,85.0,3500.0,,
POCAN®,DP4035 000000,Polybutylene Terephthalate + PET,PBT+PET,1.62,,9200.0,170.0,9000.0,,
POCAN®,ECOT7142 901510,Polybutylene Terephthalate + PET,PBT+PET,1.68,,12000.0,180.0,12000.0,,
Kepex®,3725M7,Polybutylene Terephthalate + PET,PBT+PET,1.53,,5950.0,95.0,5300.0,,
RAMSTER,PF310G6BK20509,Polybutylene Terephthalate + PET,PBT+PET,1.52,,,,9800.0,,12.0
RAMSTER,PF310G9BK11,Polybutylene Terephthalate + PET,PBT+PET,1.67,,12300.0,223.0,14800.0,,
LOXISTER,PBT/PET  GF30  NC1402  14008,Polybutylene Terephthalate + PET,PBT+PET,1.54,,10000.0,200.0,,,
TAROLOX,2050 W G6,Polybutylene Terephthalate + PET,PBT+PET,1.52,,8200.0,180.0,9500.0,,
Sunny®,PBT-PET EN130,Polybutylene Terephthalate + PET,PBT+PET,1.55,,9500.0,200.0,,,
EPIMIX+,PBT/R-PET GFR 30 BK Q1D001,Polybutylene Terephthalate + PET,PBT+PET,1.55,,9000.0,220.0,13000.0,,
EPIMIX,PBT/PET GFR 50 BK Q1F001,Polybutylene Terephthalate + PET,PBT+PET,1.73,,15500.0,230.0,18000.0,,21.0
EPIMIX,PBT/PET GFU 50 UVM BK Q1F001,Polybutylene Terephthalate + PET,PBT+PET,1.73,,15500.0,205.0,17200.0,,
Tecodur®,PB70 GR45 NL100 HS01,Polybutylene Terephthalate + PET,PBT+PET,1.68,,,,16000.0,,
VALOX™ Resin,815 - Americas,Polybutylene Terephthalate + PET,PBT+PET,1.43,,4480.0,,4955.818881,,
VALOX™ Resin,T2N815UX - Europe,Polybutylene Terephthalate + PET,PBT+PET,1.43,,4700.0,,5800.0,,
VALOX™ FR Resin,ENH8560 - Europe,Polybutylene Terephthalate + PET,PBT+PET,1.58,105.0,10000.0,,12000.0,,11.0
KumhoSunny PBT/PET,HEB4051M,Polybutylene Terephthalate + PET,PBT+PET,1.5,,4000.0,75.0,,,15.0
Sindustris PBT,SG3181S,Polybutylene Terephthalate + PET,PBT+PET,1.45,,3630.0,90.2,,,
Sindustris PBT,SG3251A,Polybutylene Terephthalate + PET,PBT+PET,1.52,,4310.0,85.3,,,
Sindustris PBT,SG5201,Polybutylene Terephthalate + PET,PBT+PET,1.45,,5880.0,162.0,,,
DURANEX®,3106,Polybutylene Terephthalate + PET,PBT+PET,1.42,,5660.0,158.0,,,
DURANEX®,3306,Polybutylene Terephthalate + PET,PBT+PET,1.54,,9100.0,210.0,,,
DURANEX®,756HA,Polybutylene Terephthalate + PET,PBT+PET,1.54,,5350.0,133.0,,,
DURANEX®,CN5315N/B,Polybutylene Terephthalate + PET,PBT+PET,1.5,,6900.0,166.0,,,
DURANEX®,CN5330N/B,Polybutylene Terephthalate + PET,PBT+PET,1.65,,9940.0,212.0,,,
Bergadur™,PB40 G45 H-UV BLACK T QS 70,Polybutylene Terephthalate + PET,PBT+PET,1.69,,,,15000.0,,
Endur®,2100 GF30,Polybutylene Terephthalate + PET,PBT+PET,1.55,,9000.0,220.0,10500.0,,
TECHNYL® PROTECT,AT 20 V25 P BK 9190,Polyethylene Terephthalate + PA 66,PET+Nylon 66,1.36,,7500.0,210.0,8500.0,,
Arnite®,BM4 240,Polybutylene Terephthalate + PET,PBT+PET,1.48,,,,4500.0,,
DESOX™,DSC640M5,Polybutylene Terephthalate + PET,PBT+PET,1.53,,5100.0,93.2,,,
CompaDur®,125 GF 20 natural (015),Polybutylene Terephthalate + PET,PBT+PET,1.47,,,,7800.0,,
Ultradur®,B 4040 G10,Polybutylene Terephthalate + PET,PBT+PET,1.73,,17700.0,270.0,18000.0,,
Ultradur®,B 4040 G6 High Speed,Polybutylene Terephthalate + PET,PBT+PET,1.56,,,,10500.0,,
Ultradur®,B 4406 G6 Q113,Polybutylene Terephthalate + PET,PBT+PET,1.68,,,205.0,11500.0,,
NOVADURAN™,5308FDV,Polybutylene Terephthalate + PET,PBT+PET,1.33,,3000.0,100.0,3000.0,,
NOVADURAN™,5320F20,Polybutylene Terephthalate + PET,PBT+PET,1.46,,5000.0,100.0,5200.0,,
SCHULADUR®,PCR GF 30,Polybutylene Terephthalate + PET,PBT+PET,1.55,,,,11000.0,,
SCHULADUR®,PCR GF 45,Polybutylene Terephthalate + PET,PBT+PET,1.68,,16000.0,250.0,15500.0,,
Toraycon™,1101G X50,Polybutylene Terephthalate + PET,PBT+PET,1.55,,9700.0,220.0,10500.0,,
VYLOPET™,EMC-617Y,Polybutylene Terephthalate + PET,PBT+PET,1.72,,9400.0,129.0,,,
Lupox®,SG5200,Polybutylene Terephthalate + PET,PBT+PET,1.45,98.1,5690.0,157.0,,,29.0
Lupox®,SG5300,Polybutylene Terephthalate + PET,PBT+PET,1.53,,8830.0,186.0,8280.0,,27.0
POCAN®,DPT7140LDS 000000,Polybutylene Terephthalate + PET,PBT+PET,1.74,,12800.0,170.0,12700.0,,
POCAN®,ECOT3215 000000,Polybutylene Terephthalate + PET,PBT+PET,1.43,100.92209732532605,5800.0,170.0,6000.0,,
Kepex®,1545GF,Polybutylene Terephthalate + PET,PBT+PET,1.52,,13500.0,310.0,12300.0,,
Kepex®,3715GF,Polybutylene Terephthalate + PET,PBT+PET,1.41,,5550.0,160.0,5800.0,,
Kepex®,3730GM5,Polybutylene Terephthalate + PET,PBT+PET,1.56,,9400.0,200.0,10600.0,,
RAMSTER,PF310G6NT,Polybutylene Terephthalate + PET,PBT+PET,1.54,,,,10500.0,,
TechnoDur,PBT/PET GF 30 2 black (87573),Polybutylene Terephthalate + PET,PBT+PET,1.55,120.0,,,10000.0,,
Sunny®,PBT-PET EN230,Polybutylene Terephthalate + PET,PBT+PET,1.64,,8720.0,190.0,,,
EPIMIX,PBT/PET GFR 15 NC Q1B501,Polybutylene Terephthalate + PET,PBT+PET,1.41,,5000.0,170.0,5500.0,,35.0
Tecodur®,PB70 GR15 NL100 KA01,Polybutylene Terephthalate + PET,PBT+PET,1.43,,,,6000.0,,
Tecodur®,PB70 GR20 BK002 TD21,Polybutylene Terephthalate + PET,PBT+PET,1.52,,,,7500.0,,
Tecodur®,PB70 GR30 NL100 HT01,Polybutylene Terephthalate + PET,PBT+PET,1.55,,,,10000.0,,
Tecodur®,PB70 GR50 BK009 MX01,Polybutylene Terephthalate + PET,PBT+PET,1.73,,,,17000.0,,
VALOX™ Resin,EH7020HF - Americas,Polybutylene Terephthalate + PET,PBT+PET,1.49,45.0,4710.0,,4800.0,,64.0
VALOX™ Resin,EH7020HF - Asia,Polybutylene Terephthalate + PET,PBT+PET,1.49,56.0,4710.0,,4800.0,,64.0
VALOX™ Resin,T2N815 - Europe,Polybutylene Terephthalate + PET,PBT+PET,1.43,100.0,5200.0,,6200.0,,20.0
VALOX™ Resin,T3N8032UX - Europe,Polybutylene Terephthalate + PET,PBT+PET,1.57,140.0,9000.0,,10500.0,,21.0
Sindustris PBT,SG3251,Polybutylene Terephthalate + PET,PBT+PET,1.54,,5100.0,93.2,,,
Sindustris PBT,SG-5153,Polybutylene Terephthalate + PET,PBT+PET,1.4,,4120.0,127.0,,,
Sindustris PBT,SG5501,Polybutylene Terephthalate + PET,PBT+PET,1.72,,13700.0,235.0,,,
DURANEX®,SF755,Polybutylene Terephthalate + PET,PBT+PET,1.79,,18200.0,265.0,,,
Bergadur™,PB40 G50 black,Polybutylene Terephthalate + PET,PBT+PET,1.7,,,,15000.0,,
PRECITE®,K GF 20 black (8174),Polybutylene Terephthalate + PET,PBT+PET,1.47,,,,7500.0,,
PRECITE®,K GF 30 black (7436),Polybutylene Terephthalate + PET,PBT+PET,1.56,,,,10800.0,,
PRECITE®,K GF 30 natural (7437),Polybutylene Terephthalate + PET,PBT+PET,1.56,,,,10800.0,,
4TECH®,9KL32130,Polybutylene Terephthalate + PET,PBT+PET,1.55,,,,10000.0,,40.0
TECHNYL® PROTECT,AT 20 V25 NC,Polyethylene Terephthalate + PA 66,PET+Nylon 66,1.39,,7700.0,215.0,10000.0,,
TECHNYL® PROTECT,AT 20 V25 P NC,Polyethylene Terephthalate + PA 66,PET+Nylon 66,1.36,,7000.0,190.0,8000.0,,
Arnite®,TM4 440,Polybutylene Terephthalate + PET,PBT+PET,1.48,,,,5100.0,,
CompaDur®,125 GF 15 black (042),Polybutylene Terephthalate + PET,PBT+PET,1.43,115.0,,,6100.0,,
CompaDur®,125 GF 15 black (043),Polybutylene Terephthalate + PET,PBT+PET,1.43,145.0,,,6100.0,,
CompaDur®,125 GF 15 natural (014),Polybutylene Terephthalate + PET,PBT+PET,1.43,,,,6100.0,,
CompaDur®,125 GF 20 black (044),Polybutylene Terephthalate + PET,PBT+PET,1.47,125.0,,,7500.0,,
Ultradur®,B 4040 G6,Polybutylene Terephthalate + PET,PBT+PET,1.55,,,,10500.0,,
Badadur®,PBT/PET 28 GF30,Polybutylene Terephthalate + PET,PBT+PET,1.55,,,210.0,10000.0,,
Badadur®,PET/PBT 28 M25,Polybutylene Terephthalate + PET,PBT+PET,1.54,,,83.4,4310.0,,
4DUR®,9K22117,Polybutylene Terephthalate + PET,PBT+PET,1.43,,,,6000.0,,63.0
NOVADURAN™,5010GN6-40MD,Polybutylene Terephthalate + PET,PBT+PET,1.78,,10700.0,144.0,10500.0,,
NOVADURAN™,5308G30MG,Polybutylene Terephthalate + PET,PBT+PET,1.56,,9700.0,218.0,10500.0,,
SCHULADUR®,A1 GF 30,Polybutylene Terephthalate + PET,PBT+PET,1.55,,,,11000.0,,
SCHULADUR®,PCR GF 20,Polybutylene Terephthalate + PET,PBT+PET,1.47,,,,7600.0,,
SCHULADUR®,PCR GF 20 HI,Polybutylene Terephthalate + PET,PBT+PET,1.39,,,,6200.0,,
Toraycon™,2107G-X01,Polybutylene Terephthalate + PET,PBT+PET,1.56,,10500.0,205.0,,,
VYLOPET™,EMC-430X8,Polybutylene Terephthalate + PET,PBT+PET,1.55,,9700.0,222.0,,,
VYLOPET™,EMC-445,Polybutylene Terephthalate + PET,PBT+PET,1.66,,12500.0,224.0,,,
VYLOPET™,EMC-450,Polybutylene Terephthalate + PET,PBT+PET,1.82,,18400.0,264.0,,,
TriVET™,21G30BE,Polybutylene Terephthalate + PET,PBT+PET,1.5,112.0,6890.0,,,,20.0
TriVET™,21GM40FR0EB,Polybutylene Terephthalate + PET,PBT+PET,1.77,,10200.0,,,,12.0
SKYVERSE®,TGR,Polybutylene Terephthalate + PET,PBT+PET,1.56,103.0,8000.0,160.0,,,
Lupox®,SG5300A,Polybutylene Terephthalate + PET,PBT+PET,1.53,140.0,8500.0,195.0,9500.0,,25.0
Lupox®,SG5500,Polybutylene Terephthalate + PET,PBT+PET,1.73,147.0,13500.0,235.0,15000.0,,17.0
Infino,ASF-9810F,Polybutylene Terephthalate + PET,PBT+PET,1.31,58.8,2320.0,80.0,2350.0,,55.0
POCAN®,T7331 000000,Polybutylene Terephthalate + PET,PBT+PET,1.55,,10300.0,230.0,10400.0,,
POCAN®,T7331 700226 POS151,Polybutylene Terephthalate + PET,PBT+PET,1.55,,10300.0,230.0,10400.0,,
POCAN®,T7391 000000,Polybutylene Terephthalate + PET,PBT+PET,1.69,,15500.0,260.0,16000.0,,
POCAN®,TS3220 901510,Polybutylene Terephthalate + PET,PBT+PET,1.38,76.79570343495558,5200.0,120.0,5500.0,,
POCAN®,TS3221 901510,Polybutylene Terephthalate + PET,PBT+PET,1.39,67.65947106824751,5100.0,120.0,5500.0,,
AuroraTec™,745GF,Polybutylene Terephthalate + PET,PBT+PET,1.7,162.0,15500.0,262.0,,,
DURANEX®,930MA,Polybutylene Terephthalate + PET,PBT+PET,1.47,,7200.0,195.0,,,
Hangzhou Plastic,PET/PE,"Film, PET/PE","Film, PET/PE",,,,,,,
Starex,EG-7000,Acrylonitrile Butadiene Styrene + PET,ABS+PET,1.08,38.2,1960.0,55.0,2000.0,,35.0
Toyolac™,RFX10  X01 U,Acrylonitrile Butadiene Styrene + PET,ABS+PET,1.11,,2000.0,68.0,,,25.0
Kingfa,CK-100,Acrylonitrile Butadiene Styrene + PET,ABS+PET,1.1,,2000.0,60.0,,,20.0
Starex,GC-0710,Acrylonitrile Butadiene Styrene + PET,ABS+PET,1.12,40.2,1900.0,60.0,2000.0,,
Starex,NT-7200 W,Acrylonitrile Butadiene Styrene + PET,ABS+PET,1.19,37.3,1800.0,57.0,1900.0,,30.0
Starex,EG-7030,Acrylonitrile Butadiene Styrene + PET,ABS+PET,1.11,45.6,1900.0,55.0,,,18.0
Starex,GC-0730,Acrylonitrile Butadiene Styrene + PET,ABS+PET,1.12,39.2,1700.0,55.0,1750.0,,
Hangzhou Plastic,PET/EVOH/PE,"Film, PET/EVOH/PE","Film, PET/EVOH/PE",,,,,,,
Hangzhou Plastic,PET/PVDC/PE,"Film, PET/PVDC/PE","Film, PET/PVDC/PE",,,,,,,
TLT™,#220 - U,"Film, PPS/PET/PPS","Film, PPS/PET/PPS",,,,,,,
TLT™,#130 - U,"Film, PPS/PET/PPS","Film, PPS/PET/PPS",,,,,,,
TLT™,#240 - U,"Film, PPS/PET/PPS","Film, PPS/PET/PPS",,,,,,,
TLT™,#100 - U,"Film, PPS/PET/PPS","Film, PPS/PET/PPS",,,,,,,
TLT™,#330 - U,"Film, PPS/PET/PPS","Film, PPS/PET/PPS",,,,,,,
TLT™,#150 - U,"Film, PPS/PET/PPS","Film, PPS/PET/PPS",,,,,,,
TLT™,#280 - U,"Film, PPS/PET/PPS","Film, PPS/PET/PPS",,,,,,,
